Tract index,CALI
1,0.09966699794500977
2,0.09966699794500977
3,0.09966699794500977
4,0.09966699794500977
5,0.09966699794500977
6,0.09966699794500977
7,0.09966699794500977
8,0.09966699794500977
9,0.09966699794500977
10,0.09966699794500977
11,0.09966699794500977
12,0.09966699794500977
13,0.09966699794500977
14,0.09966699794500977
15,0.09966699794500977
16,0.09966699794500977
17,0.09966699794500977
18,0.09966699794500977
19,0.09966699794500977
whole GM,13.264791902274908
