{"0.0": [-0.7615941559557653, -0.7615941559557653, -0.7615941559557653, -0.7615941559557653, 1, -0.7615941559557653, -0.7615941559557653, -0.7615941559557653, -0.7615941559557653, -0.7615941559557653, -0.7615941559557653, -0.7615941559557653, -0.7615941559557653, -0.7615941559557653, -0.7615941559557653, -0.7615941559557653, -0.7615941559557653, -0.7615941559557653, -0.7615941559557653, -0.7615941559557653], "0.0001379": [-0.8295988432685639, -0.8504970766931739, -0.8638730285368204, -0.8273416148541127, 1, -0.8619597386615493, -0.8491981114379026, -0.8468874264340769, -0.8105745213921158, -0.8443169967658912, -0.8268764997037901, -0.87282728320615, -0.831219764195822, -0.9152705551563733, -0.8634340569142831, -0.8266394010740937, -0.8188412782926777, -0.8472550272893155, -0.8447474891220648, -0.8017706559382072], "0.0002759": [-0.885652972101941, -0.9142527598367894, -0.93012516793699, -0.8822731356040427, 1, -0.9280317938695332, -0.9130362829121116, -0.9096350117265399, -0.8559434843923125, -0.9064549114648077, -0.8815396339809378, -0.9399244982011654, -0.8881296644275775, -0.9756789888527702, -0.9301824511852268, -0.8812266918429379, -0.8693687140266145, -0.9102099400763415, -0.9064655092531182, -0.8403872181412211], "0.0004138": [-0.9255604618782872, -0.9528283769400737, -0.9661042438948324, -0.9219395087511252, 1, -0.9643771385626841, -0.9523245224256329, -0.9487403375158189, -0.8926882028469947, -0.946168704761578, -0.9212270411969354, -0.973193732335383, -0.9280863509308046, -0.9937510314647445, -0.9662989384374688, -0.920880253705015, -0.9082356677531456, -0.9496150055071094, -0.94581407618024, -0.8736403495612314], "0.0005517": [-0.9521300478368994, -0.9744521950211467, -0.9839544581863691, -0.9488320578891085, 1, -0.9827291332119803, -0.974413654359611, -0.9713713880288244, -0.9207355187735098, -0.9696035497026831, -0.9482236364630457, -0.9882895824499363, -0.9543374022499077, -0.9984644790456533, -0.9841031791833399, -0.9478765135835243, -0.9362278118194749, -0.9723113518625629, -0.9691511568906297, -0.900714730243317], "0.0006897": [-0.9693524241867957, -0.9862265216433944, -0.9924678644600522, -0.9666168597944014, 1, -0.9916802977255572, -0.9863568349563455, -0.9840962636834996, -0.9416516430463305, -0.9829602568240944, -0.966115176928592, -0.9949152062364288, -0.9711410310169737, -0.9996273936223349, -0.9925544164013833, -0.9657982369645418, -0.9558532872388582, -0.9849070148438874, -0.9825645197638764, -0.9222295640438475], "0.0008276": [-0.9803893896692965, -0.9925691390164113, -0.9964640119184706, -0.978244890728805, 1, -0.995989452823727, -0.9927187123215404, -0.9911674902401869, -0.9570859782277953, -0.9904572150024283, -0.9778385578761482, -0.9977897146667561, -0.9817748988539842, -0.9999093047987343, -0.99651004959809, -0.9775696816974819, -0.9694551204815769, -0.9917834238158303, -0.9901618796344815, -0.9391332838133705], "0.0009655": [-0.9874480047728261, -0.9959845056135734, -0.9983361827622, -0.9858260697787786, 1, -0.9980623528744091, -0.9961040026695775, -0.9950904011850746, -0.9684473808406188, -0.9946513838908433, -0.9855031229787021, -0.9990369065563526, -0.988488456571003, -0.9999777796533824, -0.9983600205332096, -0.985287124166759, -0.9788618742075242, -0.9955237864393556, -0.9944486783839059, -0.9523780578120485], "0.0011034": [-0.991960970552365, -0.9978261750266619, -0.9992147447735952, -0.9907632292554746, 1, -0.9990613689832276, -0.9979093427333514, -0.9972673997669591, -0.9768018297286253, -0.99699747976354, -0.9905116828479431, -0.9995791947866676, -0.9927245722801603, -0.9999945166744999, -0.9992270447023833, -0.9903448498096116, -0.9853649165198906, -0.9975577641373935, -0.996865012853141, -0.962744946536675], "0.0012414": [-0.9948497296892376, -0.9988218326223611, -0.9996285271087232, -0.9939801678489031, 1, -0.9995444511137178, -0.9988757741746177, -0.9984777446238504, -0.9829474938620665, -0.9983123967167801, -0.9937880485782944, -0.9998157854847882, -0.995400229988106, -0.9999986394377831, -0.9996348896746512, -0.9936628004818607, -0.9898654091788051, -0.9986659162305086, -0.9982284764733806, -0.9708627729259066], "0.0013793": [-0.9966975644955243, -0.9993603638864128, -0.9998237480107983, -0.996073897875358, 1, -0.9997783504918915, -0.9993939675204193, -0.9991506705445634, -0.9874618475160842, -0.9990496417883169, -0.9959296861778834, -0.9999191387984119, -0.9970890745474905, -0.9999996602359227, -0.9998270498668236, -0.9958375351473205, -0.9929774733766055, -0.9992698495193196, -0.998997518045729, -0.9772102086269207], "0.0015172": [-0.9978814934099298, -0.9996524011999514, -0.9999162117720585, -0.9974384532609054, 1, -0.9998919868345997, -0.9996728104772891, -0.9995256824517137, -0.9907809653038567, -0.9994641416540743, -0.9973318358915558, -0.9999644458833163, -0.9981568692142878, -0.9999999147857839, -0.9999179262319823, -0.9972650397030374, -0.9951325742226275, -0.9995998858727122, -0.9994322047002421, -0.9821773515447181], "0.0016552": [-0.9986409544586812, -0.9998110520231083, -0.9999601298116598, -0.9983287200173131, 1, -0.9999473282433788, -0.9998232367647165, -0.9997350282823135, -0.9932229762302643, -0.9996976767851344, -0.9982509300135869, -0.9999843557107845, -0.998832861160882, -0.9999999785770082, -0.999961018228801, -0.998203059781021, -0.9966265626161376, -0.9997806151940217, -0.9996782999309516, -0.986066541477598], "0.0017931": [-0.9991276502790317, -0.9998971928503179, -0.9999809963267744, -0.99890894432659, 1, -0.9999742787869949, -0.9999043858687793, -0.9998518295833715, -0.9950171077877752, -0.9998292279552504, -0.9988527943170131, -0.999993105184111, -0.9992604339548949, -0.9999999945947229, -0.9999814555315819, -0.9988187693271126, -0.9976610777715901, -0.9998795607185882, -0.9998175462952045, -0.9891068619802772], "0.001931": [-0.9994399441949822, -0.9999440416720647, -0.999990934537906, -0.9992875764017184, 1, -0.9999874313360239, -0.9999482522570234, -0.9999171080062336, -0.9963363702374456, -0.9999034781252574, -0.9992474209440969, -0.999996958935818, -0.9995312502514643, -0.9999999986333998, -0.9999911709878587, -0.999223396832542, -0.9983782194613822, -0.9999338386843494, -0.9998964701134444, -0.99148511839945], "0.002069": [-0.9996405040869373, -0.9999695472582277, -0.9999956751188643, -0.9995348755610363, 1, -0.9999938586087401, -0.9999719953744058, -0.9999536315549842, -0.9973070424040682, -0.9999454425269034, -0.999506390718622, -0.9999986587094842, -0.999702940878293, -0.9999999996542008, -0.9999957963086236, -0.9994895225871263, -0.9988757297359727, -0.9999636532862781, -0.999941255277165, -0.9933463155195285], "0.0022069": [-0.9997691446860351, -0.9999834173098482, -0.9999979347113787, -0.9996961980018475, 1, -0.9999969965863094, -0.9999848341207332, -0.9999740450979127, -0.9980201726121466, -0.9999691390022986, -0.9996761217245225, -0.9999994078065457, -0.9998116581818639, -0.9999999999121394, -0.9999979965991548, -0.9996643271121811, -0.9992204013385692, -0.9999800161232234, -0.9999666432762536, -0.9948004660740234], "0.0023448": [-0.999851742879801, -0.9999909690811349, -0.9999990134487283, -0.9998015487000753, 1, -0.9999985308592065, -0.9999917856882801, -0.999985469157924, -0.9985445167663799, -0.9999825388448649, -0.9997874796145776, -0.9999997384596468, -0.9998805761984311, -0.9999999999773767, -0.9999990449278106, -0.9997792632375938, -0.9994594077534856, -0.9999890094088463, -0.9999810546636756, -0.9959373117718504], "0.0024828": [-0.9999048145567001, -0.999995083616846, -0.9999995288974671, -0.9998703976433096, 1, -0.9999992816234283, -0.999995552474753, -0.9999918673718032, -0.9989302759183524, -0.9999901228287762, -0.9998605893343194, -0.9999998845346971, -0.9999242962395875, -0.9999999999937219, -0.9999995448422009, -0.9998548855968624, -0.9996252463713171, -0.999993956748262, -0.999989242176342, -0.9968265079421034],