{"0.0": [-0.46211715726001057, -0.46211715726001057, -0.46211715726001057, -0.46211715726001057, -0.46211715726001057, -0.46211715726001057, -0.46211715726001057, -0.46211715726001057, -0.46211715726001057, 1, -0.46211715726001057, -0.46211715726001057, -0.46211715726001057, -0.46211715726001057, -0.46211715726001057, -0.46211715726001057, -0.46211715726001057, -0.46211715726001057, -0.46211715726001057, -0.46211715726001057], "0.0001379": [-0.5413454048876472, -0.5901842836065485, -0.6122257475228927, -0.5423861986604208, -0.5474654688559311, -0.6081230494561893, -0.5980284547112592, -0.565240484965992, -0.5271677183745638, 1, -0.5391366705974422, -0.6029970329466663, -0.5398260714055697, -0.6990648001966919, -0.6068344670098313, -0.5491159716157524, -0.543393394702859, -0.5789312714252804, -0.5516915301479867, -0.5074171473403206], "0.0002759": [-0.6469628482806955, -0.7341456784821165, -0.7676136005851041, -0.6483021854758372, -0.6587258524163582, -0.7628062508800212, -0.7456668718185664, -0.6932225863082697, -0.6152360510072461, 1, -0.6410217904170783, -0.7580232793205598, -0.6455871859495315, -0.878259798719953, -0.7622075094623321, -0.6590167499310808, -0.6467336829252444, -0.7132507266707968, -0.6670991874403641, -0.5707005379065793], "0.0004138": [-0.7503748582583425, -0.8494067034750638, -0.8826745609725388, -0.7509469520924469, -0.7650312388964573, -0.8781453796384976, -0.8629627737908854, -0.8069953106814384, -0.7065949511695231, 1, -0.7422720994381913, -0.8752454728890631, -0.7494862194899141, -0.9644006368217525, -0.8797783301774399, -0.7638252223187536, -0.7484899382351374, -0.8293111862657662, -0.7760042554814505, -0.64234236902392], "0.0005517": [-0.8306283632307347, -0.920090195411245, -0.9462808559884925, -0.8304162577860892, -0.8454188017462578, -0.942571752525273, -0.9327468644561754, -0.8853714444716663, -0.7835291110280491, 1, -0.8225339211979614, -0.941036317220503, -0.8301706361239405, -0.9916532561537507, -0.9452804186612929, -0.8435056133761802, -0.8287795360990367, -0.9064157637970401, -0.8570375215217293, -0.7094221909897096], "0.0006897": [-0.8865102530253866, -0.9582352790380256, -0.9762004540154999, -0.8860137521745456, -0.899842873983153, -0.9735744760858875, -0.9680072529447412, -0.9331454423480087, -0.842187282013196, 1, -0.8795498350947346, -0.9728240215295475, -0.8864466180987518, -0.9982339794242931, -0.9760367962003923, -0.8977561954009229, -0.8852790072950718, -0.9504679506085003, -0.910637950264729, -0.7662847827692143], "0.0008276": [-0.9240645316864556, -0.9780747572904938, -0.9894562572198692, -0.9236161846789643, -0.9352955499201494, -0.9877891405664018, -0.9847678040940807, -0.961086662303333, -0.8853250078614261, 1, -0.9184807205265629, -0.9874585149548114, -0.9242881194350896, -0.9996332820294092, -0.9895487053259312, -0.9333161102273745, -0.9233557584139196, -0.9740413369962748, -0.9444975572637996, -0.8125935097954068], "0.0009655": [-0.9491382650885728, -0.9884000067825001, -0.9952813403238081, -0.9488367001549999, -0.9581769938448705, -0.9942955974397695, -0.9926713558794773, -0.9772983013970646, -0.9167301058389684, 1, -0.9447992032341925, -0.994168061788235, -0.9495066979763152, -0.9999204433220658, -0.9954071047069059, -0.9564472789155108, -0.9487414417178097, -0.9863947622158489, -0.9655736377318669, -0.8498465818482654], "0.0011034": [-0.9658779394518614, -0.9938174646014202, -0.9978615700956857, -0.9657092734997047, -0.9729193060719533, -0.9973043611212762, -0.9964309542281059, -0.9867085522766335, -0.9395176297513768, 1, -0.9625577306675875, -0.9972639383702696, -0.9662783957664003, -0.9999789198841975, -0.9979584623197623, -0.9714920070234632, -0.9656424913662868, -0.9928393075348625, -0.978627110236155, -0.8796986450371285], "0.0012414": [-0.9770783540588015, -0.9966848961731676, -0.9990180090138036, -0.9770001826197613, -0.9824330945158556, -0.998712197832108, -0.9982421208377458, -0.9921909091659651, -0.9560515664758223, 1, -0.9745608190149355, -0.9987043827482958, -0.9774460195146064, -0.9999893428131448, -0.9990803883709782, -0.9813037484156721, -0.9769224695819121, -0.9962105929793376, -0.9867109569025003, -0.9036190758513788], "0.0013793": [-0.9845741052581536, -0.9982090091052926, -0.9995392302674666, -0.9845484831836576, -0.9885747918612432, -0.9993745725988447, -0.9991214293969753, -0.9953908410294388, -0.968034038454541, 1, -0.9826774754204877, -0.99937670260834, -0.9848821649340084, -0.9999878452305734, -0.9995759752983, -0.9877082854223189, -0.98445918802061, -0.9979783617029693, -0.991714507442279, -0.9227632736903838], "0.0015172": [-0.9896003561956941, -0.9990202563901309, -0.9997721343055426, -0.9896014556391037, -0.992548894951851, -0.999684691966715, -0.9995485448582814, -0.9972637053704878, -0.9767290874776104, 1, -0.9881800103395797, -0.9996885615307899, -0.9898444798953167, -0.99998044760633, -0.9997926655082191, -0.9918993161202253, -0.9895098554862009, -0.9989073203997642, -0.9948169209697324, -0.9381017302521353], "0.0016552": [-0.9929713690540982, -0.9994463306051857, -0.9998683960049616, -0.9929838665406208, -0.995121048763912, -0.9998224522336284, -0.9997494298461779, -0.9983570442773554, -0.9830421313877168, 1, -0.991914042007736, -0.9998256506211364, -0.9931579210582686, -0.9999654889402074, -0.9998794745568267, -0.9946427506808154, -0.99289837311687, -0.9993905323281824, -0.9967389213543306, -0.9503981175574514], "0.0017931": [-0.995219814276123, -0.9996557543464148, -0.9998915892614735, -0.9952355220646634, -0.9967743047241343, -0.9998676283771515, -0.9998285593350155, -0.9989826656450866, -0.9876118155188993, 1, -0.9944369550952408, -0.9998697861813519, -0.9953589644657161, -0.9999370171829994, -0.9998974287345966, -0.9964268710058067, -0.9951610443078394, -0.9996278691535858, -0.9979173836977113, -0.960233625466297], "0.001931": [-0.9966997228216038, -0.9997304094151986, -0.9998616507961952, -0.996714759157006, -0.9978161924825244, -0.9998492339519371, -0.9998283984217956, -0.9993158918197285, -0.9909040510185871, 1, -0.9961231992469799, -0.9998505561541297, -0.9968017701043665, -0.9998829569856663, -0.9998646756440761, -0.9975665787468557, -0.9966530795375944, -0.9997163107115188, -0.9986173429043945, -0.9680893814989928], "0.002069": [-0.9976315758161425, -0.9996971516569553, -0.9997699068065208, -0.9976444155442542, -0.998428749400391, -0.9997635096396572, -0.9997524405445165, -0.9994427193757208, -0.9932392259886959, 1, -0.9972092754495043, -0.9997642747493036, -0.9977054884786593, -0.9997799110237573, -0.9997714521249587, -0.9982510798523562, -0.9975952750869208, -0.9996899403159694, -0.9989863296351316, -0.9743332151240293], "0.0022069": [-0.9981325444072712, -0.9995382875556362, -0.999578515861871, -0.9981428538159249, -0.9986991603118396, -0.9995752338322563, -0.999569370751544, -0.9993824776431702, -0.9948174800474097, 1, -0.9978246509556863, -0.9995756599957955, -0.9981856011537283, -0.999583220742096, -0.9995792970936894, -0.9985736631772945, -0.9981049014906421, -0.9995345501502004, -0.9990850810009764, -0.9792221689517623], "0.0023448": [-0.9982271082469857, -0.9991823764847987, -0.9992045560263896, -0.9982350848877541, -0.998628167245075, -0.9992028794169444, -0.9991997848132811, -0.9990871952536557, -0.9957349411016223, 1, -0.9980036835498025, -0.9992031098017249, -0.9982649081736614, -0.9992067694888926, -0.9992049470561141, -0.9985401805942734, -0.9982065828343798, -0.9991804119999053, -0.9988939135666225, -0.9829251190196067], "0.0024828": [-0.9978231913126282, -0.9984712529702363, -0.9984834387421445, -0.9978292224374045, -0.9981059116427264, -0.998482586298951, -0.9984809598840879, -0.9984132645854399, -0.9959571068699922, 1, -0.9976618636223152, -0.9984827074067605, -0.9978499254632061, -0.9984844790088083, -0.9984836323081057, -0.9980447287256987, -0.9978084422329693, -0.9984702027745865, -0.998287998697796, -0.9854795127874232],