{"0.0": [-0.7615941559557653, -0.7615941559557653, -0.7615941559557653, -0.7615941559557653, -0.7615941559557653, -0.7615941559557653, 1, -0.7615941559557653, -0.7615941559557653, -0.7615941559557653, -0.7615941559557653, -0.7615941559557653, -0.7615941559557653, -0.7615941559557653, -0.7615941559557653, -0.7615941559557653, -0.7615941559557653, -0.7615941559557653, -0.7615941559557653, -0.7615941559557653], "0.0001379": [-0.8243775103384973, -0.826423557976998, -0.8202559553633815, -0.8271720810795118, -0.8258512919356349, -0.8163641073628296, 1, -0.8467431689394044, -0.8158149496605642, -0.8526227462977282, -0.8302743326375843, -0.8657828398759124, -0.8370490538928295, -0.9271592053377109, -0.8760846971354932, -0.8234382098223988, -0.823656397208314, -0.8550554588260542, -0.8424026452255118, -0.8040516487213927], "0.0002759": [-0.8776747153956144, -0.881337907809013, -0.872582404266614, -0.8817215840736035, -0.8801867209615345, -0.8669805187617303, 1, -0.9092852334267345, -0.8640365542889106, -0.9166365185455536, -0.8862134289796887, -0.9324596200730884, -0.8959861140129536, -0.9820896650978423, -0.9430069466704287, -0.8763275456795265, -0.876326883590095, -0.9194784137687757, -0.9033314735570241, -0.8441049774055774], "0.0004138": [-0.917203224688123, -0.9213817917118549, -0.9129399259452373, -0.9212696216832903, -0.91983962877886, -0.9066013574505573, 1, -0.9483244766767432, -0.9018759510062054, -0.9549883832677585, -0.9260030770128973, -0.9676916418002006, -0.93573334187742, -0.9960818409009364, -0.9754182992982873, -0.9156612700709554, -0.9157404931049649, -0.957489721109469, -0.9428330238847624, -0.8781968667774648], "0.0005517": [-0.9447343195055838, -0.9487501826168261, -0.9417890889259156, -0.9482828458299305, -0.9470338907606486, -0.9354910752180617, 1, -0.9710323454067573, -0.92992499334671, -0.9762059061989827, -0.952541834674656, -0.9848477205556515, -0.9608578187085223, -0.9991892611288306, -0.9896962336878802, -0.943149914522708, -0.9433884871495141, -0.9781082488902401, -0.9667544497330463, -0.9056669439063001], "0.0006897": [-0.9633538170449583, -0.9668801409953331, -0.9615650679865317, -0.966242526647983, -0.9651952208091513, -0.9558473643879868, 1, -0.9838609967623022, -0.9501973704119083, -0.987526421216984, -0.9697393172543051, -0.9929403576082046, -0.9763019096937752, -0.999836151192966, -0.9957257912613617, -0.9618627501949912, -0.9621984309921118, -0.9888448123036007, -0.9808070149583089, -0.9272329739833343], "0.0008276": [-0.9757526154639898, -0.9786747062118181, -0.9747797724154299, -0.9780117418873946, -0.9771640979995013, -0.9699067454675389, 1, -0.9910148624018332, -0.9646599160290015, -0.9934682424873305, -0.98072919195082, -0.9967102294965293, -0.9856694187576396, -0.9999670434673257, -0.9982277906444392, -0.974444112936083, -0.9748000723460387, -0.9943282608058318, -0.988940071571521, -0.9439405748614469], "0.0009655": [-0.9839657349139718, -0.986289584508674, -0.9835016140554677, -0.9856865449158615, -0.9850212717849841, -0.9795298662420264, 1, -0.9949941097198641, -0.9749358647352122, -0.9965759690764588, -0.9877265528355722, -0.9984643334535434, -0.9913323339324127, -0.999993359753398, -0.9992634288973741, -0.9828764953327593, -0.9832034260193802, -0.997114442576344, -0.9936275136935983, -0.9568326688256603], "0.0011034": [-0.9893940544527441, -0.9911868065531293, -0.9892188806026525, -0.9906804884507757, -0.990171422808846, -0.9860839656318977, 1, -0.9972073687731593, -0.9822236035069568, -0.9982015261484892, -0.9921774229934053, -0.9992815123770726, -0.9947529703404806, -0.9999986556054006, -0.9996928100849083, -0.9885221433052437, -0.9887982907407429, -0.9985291613209494, -0.9963256363249858, -0.966763450987133], "0.0012414": [-0.9929825547366505, -0.9943338223967554, -0.9929570897889346, -0.9939305789191424, -0.9935489819117628, -0.9905408591183875, 1, -0.9984405614177219, -0.9873927351491845, -0.9990538209042517, -0.9950114993880133, -0.9996632841885617, -0.9968216270672536, -0.9999997265580178, -0.9998715281103904, -0.9923047546716697, -0.9925259908684638, -0.9992490069810012, -0.9978801237837055, -0.9744143948398859], "0.0013793": [-0.9953523705317089, -0.9963531330795025, -0.995395180786663, -0.9960434743615044, -0.9957619814733348, -0.9935653296732098, 1, -0.9991277354079451, -0.9910541474839368, -0.9995010507211185, -0.996815182761927, -0.999841810330847, -0.9980721972420153, -0.999999944004898, -0.9999460759650046, -0.994836788351107, -0.995007973646152, -0.9996155786532124, -0.9987752773786597, -0.980300162470042], "0.0015172": [-0.9969199316427215, -0.9976508314105658, -0.9969868854497507, -0.9974192555601321, -0.9972142894886912, -0.9956199570536064, 1, -0.9995115975055294, -0.9936506274471242, -0.9997364792382394, -0.9979653229284754, -0.9999255654408958, -0.9988297829000288, -0.9999999884749388, -0.9999773104454496, -0.99653425937787, -0.9966635683547607, -0.9998028739941186, -0.9992918198825459, -0.9848321320410616], "0.0016552": [-0.9979582614700266, -0.9984860211200086, -0.9980273126727816, -0.9983162714667895, -0.998168623313267, -0.9970173853737877, 1, -0.9997264209508043, -0.9954936756335674, -0.9998607127227871, -0.998699827345026, -0.9999649509792505, -0.9992894556990012, -0.9999999976198415, -0.9999904402190357, -0.9976735713192204, -0.9977695690483002, -0.999898818999177, -0.9995903650464932, -0.9883241709848314], "0.0017931": [-0.998645533455911, -0.9990232639553757, -0.9987070027645755, -0.9989006796616026, -0.9987952064296164, -0.9979671335550688, 1, -0.9998465925126602, -0.9968004234375926, -0.9999262730196837, -0.9991685669569453, -0.9999834714298402, -0.9995681947005273, -0.9999999995053975, -0.9999959635249519, -0.9984375052592941, -0.9985078995928524, -0.9999479805207294, -0.9997628166530591, -0.9910110666840505], "0.001931": [-0.9991011322618353, -0.9993694718448869, -0.9991518521640358, -0.9992819930526219, -0.999207182970008, -0.998613674385912, 1, -0.9999139365274067, -0.997727967708108, -0.999960946652635, -0.999468153504473, -0.9999921996113302, -0.9997374896728752, -0.9999999998956617, -0.9999982936812837, -0.9989503886187371, -0.9990015223811263, -0.9999732313402012, -0.9998626016253463, -0.9930801285258823], "0.002069": [-0.9994034887773996, -0.9995928820503104, -0.9994434409652648, -0.9995310603059548, -0.999478329544596, -0.9990543835238591, 1, -0.9999517204299511, -0.9983868870763275, -0.9999793116413588, -0.9996598271909525, -0.9999963186875317, -0.9998404244538595, -0.999999999975622, -0.9999992785172245, -0.9992950293466807, -0.9993318923304817, -0.9999862221062082, -0.9999204071499238, -0.9946743547536178], "0.0022069": [-0.9996039362236074, -0.9997369372886393, -0.9996344524433671, -0.9996935720289005, -0.9996565840664816, -0.9993545415195478, 1, -0.9999728980233298, -0.9988543659536322, -0.9999890310277145, -0.9997823199329311, -0.999998260980903, -0.9999029430634626, -0.9999999999898697, -0.9999996945457363, -0.9995263277625203, -0.9995527543193723, -0.999992901263163, -0.9999538608735765, -0.9959008392686656], "0.0023448": [-0.9997369842732579, -0.9998299612060189, -0.9997597846680981, -0.9997997350953698, -0.9997739038167387, -0.9995592663002493, 1, -0.9999847834509095, -0.9991863459153993, -0.9999941826025365, -0.9998606907826694, -0.9999991782541946, -0.9999409603871441, -0.9999999999881058, -0.9999998706131247, -0.9996817200573854, -0.9997005747774415, -0.9999963410546092, -0.999973247370404, -0.9968451083570161], "0.0024828": [-0.9998253696752349, -0.9998900947795697, -0.9998421237083275, -0.9998691441699374, -0.9998511781799929, -0.9996990505128931, 1, -0.9999914591378317, -0.9994222623596035, -0.9999969155492472, -0.9999108697491761, -0.9999996118159431, -0.9999640962447284, -0.9999999999783074, -0.9999999451962434, -0.9997861897727511, -0.9997995852955255, -0.9999981143717652, -0.9999844914822027, -0.9975724975242412],