{"0.0": [-0.049958374957881135, -0.049958374957881135, 1, -0.049958374957881135, -0.049958374957881135, -0.049958374957881135, -0.049958374957881135, -0.049958374957881135, -0.049958374957881135, -0.049958374957881135, -0.049958374957881135, -0.049958374957881135, -0.049958374957881135, -0.049958374957881135, -0.049958374957881135, -0.049958374957881135, -0.049958374957881135, -0.049958374957881135, -0.049958374957881135, -0.049958374957881135], "0.0001379": [-0.037934031919029, -0.0011886432614831577, 1, -0.04125245649504261, -0.05452141647596975, 0.014809920870275661, 0.02986817852753565, -0.05469655388627692, -0.053128814274597036, -0.06260312302076954, -0.0506712933090111, -0.05976841285614998, -0.052117189426579724, -0.04264678737519301, -0.0629869281631743, -0.05413252930258916, -0.04689323565129799, -0.056761429224757465, -0.060527059981345666, -0.04887118862495965], "0.0002759": [-0.014392928750078027, 0.06260594692936494, 1, -0.022924406155224952, -0.046634282134791594, 0.09858712014878801, 0.12614683979005714, -0.04727106113336599, -0.04906628480523201, -0.06343783244455037, -0.0439430644592923, -0.051105565528107855, -0.04515617299508656, -0.009924085719146714, -0.05726446870721158, -0.0489676080566509, -0.03555257913795784, -0.050995304736657476, -0.059677255358673076, -0.044308183573409377], "0.0004138": [0.04774118672047467, 0.16146246989461233, 1, 0.03378217333752165, 0.007530044055158891, 0.2152425987179345, 0.24841850664763943, 0.012971125930636429, -0.010938453837839979, -0.008592263798366973, 0.0018538658238598238, 0.024184977074940273, 0.0062584172277988515, 0.08984441430827572, 0.016690273234124753, -0.002337781827951191, 0.01138583930881265, 0.007796596486825846, -0.008636455730606785, -0.018193564912027727], "0.0005517": [0.21061887508733124, 0.33931166715061445, 1, 0.19479509073766432, 0.18160248652245525, 0.39732675523503125, 0.42346429658235696, 0.20699995739978272, 0.12700859811813192, 0.19044188362090764, 0.16025379856989463, 0.2458048374847488, 0.17952223550573976, 0.31589077273130006, 0.2413008831591965, 0.15867093765237472, 0.1604829788463824, 0.20383141131203986, 0.17527846934121527, 0.08056979365231376], "0.0006897": [0.4710084777832775, 0.5820601210529659, 1, 0.4580330827795376, 0.4657134987461755, 0.6273386097632241, 0.6388948792095004, 0.5095779559335298, 0.37343712875342083, 0.5062344935605576, 0.43111317425378703, 0.5612603504186715, 0.46534879055875966, 0.6078761560268642, 0.5616205580582909, 0.4314041024736981, 0.41695581593491315, 0.5133595124386439, 0.47682235963251696, 0.27249994474208195], "0.0008276": [0.6976387916055533, 0.7786125679768638, 1, 0.6885133936279495, 0.7063603767483089, 0.807636817481334, 0.8100583002639754, 0.7497474104711324, 0.6037785806023814, 0.7540936705006414, 0.6699773845767487, 0.7910671107903051, 0.7068824762122496, 0.8134182002136325, 0.7930467926367388, 0.6705402243907743, 0.6496903181238753, 0.757804563371463, 0.7252794222946162, 0.4704155367934131], "0.0009655": [0.8362719410790063, 0.8914752519464155, 1, 0.8301353624930179, 0.8478295047264206, 0.9087189960962887, 0.9082204401638017, 0.8809042280255583, 0.7566142919363079, 0.8862791215536994, 0.8170887048374458, 0.9071127433549153, 0.8482645430392022, 0.9165717705420648, 0.9086275137139479, 0.8174222797407598, 0.7980232177155708, 0.8885614135142956, 0.8653754859284366, 0.6180926431742144], "0.0011034": [0.9113870915819628, 0.9479515817765707, 1, 0.9073407330727048, 0.9213199688494145, 0.9578888808691455, 0.9569800694289947, 0.9439232283511862, 0.8483394631087053, 0.9480344451998342, 0.8979226695824192, 0.9590869851474646, 0.9215294804868956, 0.9629792191947979, 0.9599295283942078, 0.8980732841679882, 0.8824883489522815, 0.9494951997029675, 0.9346747981480064, 0.7197242660920578], "0.0012414": [0.9512348664992427, 0.9750609900620371, 1, 0.9485932071512551, 0.9586706650366805, 0.9806948044998527, 0.9799994491137205, 0.9733948914731632, 0.9032537581516638, 0.9760905067964671, 0.9417773177533793, 0.9818499114575088, 0.958742991928784, 0.9834536539684531, 0.982267177358985, 0.9418435476299094, 0.9300523779822938, 0.9770006702187168, 0.9680154831479002, 0.7904928516580465], "0.0013793": [0.9725924396985401, 0.9879629895549957, 1, 0.9708716051416528, 0.9778326526665504, 0.9911265448503797, 0.9906892912529162, 0.987210681151548, 0.9369082230880921, 0.988863949038649, 0.9659783710659304, 0.9918561188689303, 0.9778438702330654, 0.9925235487633273, 0.992053174814886, 0.9660145340387907, 0.9573483890664942, 0.9894137871310489, 0.9841062809562766, 0.8412439609545568], "0.0015172": [0.9842962288288952, 0.9941404848865154, 1, 0.9831737354347829, 0.98787508604819, 0.9959045359655943, 0.9956512973797083, 0.993774823050442, 0.9581510241678024, 0.9947550325730308, 0.9797001204646962, 0.9963103938014259, 0.9878646686684229, 0.9965909216937929, 0.996401492117692, 0.9797270321463436, 0.9734653002098006, 0.9950792712112297, 0.9919882227981911, 0.8786884184011043], "0.0016552": [0.9908558367588911, 0.997124973361688, 1, 0.9901219585227741, 0.9932551319131677, 0.998103038364595, 0.9979625336871623, 0.9969373844651339, 0.9719022262569117, 0.9975073723708494, 0.9876838953938316, 0.998316533132356, 0.9932400629215417, 0.9984353830045187, 0.9983582078158251, 0.9877072214846041, 0.9832361045938129, 0.9976951080020762, 0.9959103477684406, 0.9068730371801197], "0.0017931": [0.9946003636504355, 0.9985775714833067, 1, 0.9941192505108445, 0.9961906840468475, 0.9991178076832128, 0.9990417260107407, 0.998477675535554, 0.9809624328992952, 0.9988053987429568, 0.9924244611429465, 0.9992270070756004, 0.9961771351901134, 0.999277739757999, 0.9992459893359495, 0.9924448301624029, 0.9892794395500826, 0.998912662380762, 0.9978870669011062, 0.9283155621444894], "0.001931": [0.9967763675682395, 0.9992912455795357, 1, 0.9964604470344638, 0.9978220310522887, 0.9995886102826643, 0.9995480576139939, 0.9992367821123569, 0.9870218138065092, 0.9994237458885649, 0.9952923821550421, 0.9996435622597162, 0.9978115814342179, 0.9996653348034856, 0.9996521851147206, 0.9953094518445269, 0.9930842940843776, 0.9994843664793045, 0.9988971034971859, 0.9447573279759391], "0.002069": [0.9980593369695177, 0.9996447397736472, 1, 0.9978518027327024, 0.9987426050441262, 0.9998078652334792, 0.9997864920181596, 0.9996146273130901, 0.9911175666381877, 0.9997206456546912, 0.9970528548976658, 0.999835226247721, 0.9987351281437165, 0.9998446029787889, 0.9998391340774451, 0.9970665132379766, 0.9955119568928776, 0.9997545846994857, 0.9994193264465665, 0.9574199143240205], "0.0022069": [0.998823235423145, 0.9998207811858459, 1, 0.9986868718925197, 0.9992677876507068, 0.9999100767459346, 0.9998988947579288, 0.9998039822422311, 0.9939014840913047, 0.9998638640220663, 0.9981436520320572, 0.9999236148888606, 0.9992626621652045, 0.9999276682263614, 0.9999253843828049, 0.9981541585303593, 0.9970733063361221, 0.9998827294441253, 0.9996916480893394, 0.9671750360223685], "0.0023448": [0.9992826199235307, 0.999909094700163, 1, 0.9991930834212945, 0.9995707766223285, 0.9999578655971801, 0.9999520502901222, 0.9998996778874769, 0.9958046325467311, 0.9999333811128166, 0.9988257073005602, 0.9999645318631418, 0.9995673574366386, 0.9999662881410885, 0.9999653320294042, 0.9988335373840651, 0.9980853254938344, 0.9999437997350396, 0.9998350732142274, 0.9747012969429167], "0.0024828": [0.9995610108924264, 0.9999536790237145, 1, 0.9995023065043107, 0.999747145959732, 0.9999802516369296, 0.9999772431085725, 0.999948389518216, 0.9971108045790618, 0.9999672938709612, 0.9992550642064812, 0.9999835204288778, 0.9997449070030111, 0.9999842822876348, 0.9999838815661795, 0.9992607550219308, 0.9987449276502058, 0.9999730128579589, 0.9999112587684318, 0.9805118209671024],