{"0.0": [-0.09966799462495657, -0.09966799462495657, -0.09966799462495657, -0.09966799462495657, -0.09966799462495657, -0.09966799462495657, -0.09966799462495657, -0.09966799462495657, -0.09966799462495657, 1, -0.09966799462495657, -0.09966799462495657, -0.09966799462495657, -0.09966799462495657, -0.09966799462495657, -0.09966799462495657, -0.09966799462495657, -0.09966799462495657, -0.09966799462495657, -0.09966799462495657], "0.0001379": [-0.10426950578187932, -0.13299398395432604, -0.14122013438688064, -0.10575866132976819, -0.10525047881296501, -0.13791725283024836, -0.13492780846354158, -0.1075661764404805, -0.10586318816752438, 1, -0.10640827302149714, -0.1169394421777693, -0.09737148058439349, -0.14041306880783666, -0.11897785399774652, -0.1159623487271636, -0.11573311094218253, -0.11612708106385095, -0.1005605868143129, -0.10354382641975068], "0.0002759": [-0.12289079655110802, -0.18350499210042415, -0.20016135466628415, -0.12507163093571982, -0.12432096443915253, -0.19417589057304052, -0.18833390081671209, -0.13032242559913354, -0.1215105377804021, 1, -0.12434954841075618, -0.15148828827064686, -0.10839396747736074, -0.19450786065253256, -0.15385663975030617, -0.14356790967318067, -0.14238046978899266, -0.14513495100252694, -0.11535955660032915, -0.11340881207222786], "0.0004138": [-0.1607428097914887, -0.24812386141207077, -0.2705848509568919, -0.16261869515677507, -0.16260034646640886, -0.26298505666088723, -0.25674445471221685, -0.173788667342887, -0.15218176414168105, 1, -0.15952442948486922, -0.2063005823731795, -0.13984049137979326, -0.25758529947196285, -0.20839249440230934, -0.18694237983466988, -0.1844361852044445, -0.19259212973423756, -0.15099606828457213, -0.13443246754913185], "0.0005517": [-0.1892348229011005, -0.2771760836314562, -0.2963588331443867, -0.19065761268949222, -0.19165612600551796, -0.2893590850335839, -0.2865693989164303, -0.20518683516830594, -0.177485365749657, 1, -0.18734784885419187, -0.23819234491451358, -0.1668063871703962, -0.27655800323826585, -0.24008049375950669, -0.2174113268580311, -0.21516098982821863, -0.22422975039061255, -0.1803832745128675, -0.1543617640798186], "0.0006897": [-0.1229259528581631, -0.177046900227524, -0.18365456851835327, -0.12510393338017922, -0.12410909110127599, -0.1794964308167908, -0.1809136100782155, -0.1304293107099631, -0.12376789898347518, 1, -0.12536982243448647, -0.14771415451211622, -0.1037636785367162, -0.16251826824509064, -0.1489260400647361, -0.1500424698155839, -0.15191730620901756, -0.14410173892049982, -0.11401743973406864, -0.11700394474648723], "0.0008276": [0.07269268879311941, 0.05896577252975188, 0.06337186586934873, 0.06927450232734134, 0.07509246768722533, 0.06471941352515254, 0.06172791244788378, 0.0807729409798148, 0.04960762227595028, 1, 0.06489107363916524, 0.08085596586080723, 0.08822678748434565, 0.07993346421073744, 0.08069892523843047, 0.04905465731529057, 0.04139014633684357, 0.07507085195770435, 0.0856873950667636, 0.01902785707622856], "0.0009655": [0.3318069882016361, 0.3428109814429363, 0.35122881565434527, 0.3279792225800966, 0.337480845597812, 0.35113301808721054, 0.3485079128892046, 0.3507843134898745, 0.29185956449742134, 1, 0.3213981356667466, 0.35905140813825964, 0.34459372563891577, 0.36163213148499507, 0.3594741903346317, 0.3128914076204574, 0.3014857570363414, 0.3508500495747431, 0.34868529055896325, 0.2231422531072682], "0.0011034": [0.5703122854811371, 0.5895061922599971, 0.5971747875841475, 0.5669543325175663, 0.5771834691073325, 0.5966977658878716, 0.5949305355633372, 0.5917324065034895, 0.5249175771295245, 1, 0.560100669036472, 0.6006537064780999, 0.5805451866893909, 0.6028315429200508, 0.6011217807082596, 0.5560854175065797, 0.5439930497359047, 0.5941061698479126, 0.5875323027016075, 0.4327905190988812], "0.0012414": [0.7452742532743173, 0.7634035085228585, 0.7688401314868298, 0.7427250491732797, 0.7515854984338686, 0.7684208915977793, 0.7673697976006988, 0.7637274474412314, 0.7032127750105439, 1, 0.7367177562252727, 0.7704179332861212, 0.7530161964713802, 0.7716602207063232, 0.7707373645965179, 0.7349891170304459, 0.7242524852148757, 0.7662485447144065, 0.7599388734644659, 0.6047812073997778], "0.0013793": [0.8562350126997296, 0.8702319427328384, 0.8736433312323317, 0.8544441496417858, 0.8612388097971615, 0.8733680292415418, 0.8727807492506297, 0.8700836990656751, 0.8214212926728266, 1, 0.8496674104092943, 0.8743761322395669, 0.8618001194613181, 0.874987007160227, 0.8745548901603275, 0.8489709469663014, 0.8403461568552131, 0.8720005138758637, 0.8673702517753166, 0.72845303034737], "0.0015172": [0.9209719248923129, 0.9308015503796989, 0.9328089846949308, 0.9197609498545938, 0.9246238729990364, 0.9326490166705506, 0.932331394527872, 0.9306095395870237, 0.8939480790862651, 1, 0.9161780018037022, 0.9331553589862691, 0.9248271648198056, 0.9334358666826874, 0.9332459668536954, 0.9159153731213285, 0.9093751607967615, 0.9318769758129113, 0.9288598321993193, 0.8121069952525597], "0.0016552": [0.9570878076763933, 0.9636572029842012, 0.964797840027382, 0.956283096730127, 0.959628170010633, 0.964710451960477, 0.9645416911533666, 0.9635150320989201, 0.9368795412385718, 1, 0.9536917694288518, 0.9649632512975825, 0.9596936336119457, 0.9650878631756756, 0.9650068304344734, 0.9536031107495542, 0.9488103276435114, 0.9642955131227915, 0.9624457985914334, 0.8677656221070384], "0.0017931": [0.9767670236528931, 0.9810422936208127, 0.9816784111555867, 0.9762358557270991, 0.9784853885494802, 0.9816322201306438, 0.9815433856797526, 0.9809517561311001, 0.9619823723782428, 1, 0.9744046106605242, 0.9817578925223811, 0.9785014006445958, 0.9818124543391229, 0.9817782871679683, 0.9743824583477505, 0.9709418679637083, 0.9814141342926632, 0.980316338611229, 0.9050661193713114], "0.001931": [0.9874039552556906, 0.9901440737849676, 0.9904949699804853, 0.9870542832180715, 0.9885464009253064, 0.9904710252167388, 0.9904245521206612, 0.9900898820877064, 0.9767343661501697, 1, 0.9857805220549871, 0.9905332493881438, 0.9885464436155333, 0.9905569856945156, 0.9905426492693181, 0.9857818948250114, 0.9833451682014256, 0.9903576234772804, 0.9897179910530549, 0.9306134101813832], "0.002069": [0.9931457519654145, 0.9948855499605478, 0.9950777543639027, 0.9929158938367975, 0.9938967394500446, 0.9950654977663165, 0.9950413059394021, 0.9948540563306996, 0.9855162710948415, 1, 0.9920400926525206, 0.9950961864763632, 0.9938927839432832, 0.9951064828076968, 0.9951004791623692, 0.9920482779133715, 0.9903390324124675, 0.9950068519069717, 0.9946382972205534, 0.9485524208917138], "0.0022069": [0.9962471197727825, 0.9973459307732648, 0.9974508098118315, 0.9960961005034756, 0.9967372825314114, 0.9974445841097894, 0.9974320307903419, 0.997327885741796, 0.9908238086696088, 1, 0.9954988245623924, 0.9974596828249229, 0.9967332131239839, 0.9974641503616015, 0.9974616342076652, 0.9955076650158108, 0.9943166444293037, 0.9974143106980249, 0.997203240409607, 0.961420823514183], "0.0023448": [0.9979313279491473, 0.998622741956908, 0.9986798020430447, 0.9978322009248051, 0.9982495681368184, 0.9986766583541189, 0.998670165090082, 0.9986124813120298, 0.9940935865034468, 1, 0.9974275410764986, 0.9986840675109712, 0.9982463778785875, 0.9986860069088095, 0.9986849516152956, 0.9974350615891321, 0.9966095835997468, 0.9986610481160381, 0.9985406633823162, 0.9708375296427088], "0.0024828": [0.9988517476854071, 0.9992855439408022, 0.9993165060387188, 0.9987867789709288, 0.9990574796707263, 0.999314926639618, 0.9993115793165408, 0.9992797368483701, 0.9961460773658739, 1, 0.9985141456131603, 0.9993185520469496, 0.9990552214633417, 0.9993193940970682, 0.9993189514083858, 0.998519960820317, 0.9979504758186613, 0.9993068860359822, 0.9992384391866744, 0.9778354911615108],