{"0.0": [-0.09966799462495657, -0.09966799462495657, -0.09966799462495657, -0.09966799462495657, -0.09966799462495657, -0.09966799462495657, -0.09966799462495657, -0.09966799462495657, 1, -0.09966799462495657, -0.09966799462495657, -0.09966799462495657, -0.09966799462495657, -0.09966799462495657, -0.09966799462495657, -0.09966799462495657, -0.09966799462495657, -0.09966799462495657, -0.09966799462495657, -0.09966799462495657], "0.0001379": [-0.12481417584973042, -0.1384868742626132, -0.14166734445609808, -0.11585577452552054, -0.11547739020228742, -0.13765323338852853, -0.13574165795556126, -0.12368510962213075, 1, -0.1254775585866128, -0.12053478475973056, -0.1381622617042837, -0.12120156662504711, -0.1633414370878995, -0.12971308278457194, -0.12093868790846019, -0.12283428335499047, -0.13281446331383573, -0.12967336388084316, -0.1137267671500245], "0.0002759": [-0.17626854901445788, -0.2098591284835868, -0.21718709137364312, -0.15865458501474872, -0.15920569414272323, -0.21081963886007826, -0.2037581110725739, -0.18005139268759718, 1, -0.18205010000959854, -0.16604520404315748, -0.21401643220604472, -0.17055630775802655, -0.267078592223139, -0.1979617188395335, -0.167349053084612, -0.16875709258928995, -0.19622616568199414, -0.18841621833794997, -0.1422798832773141], "0.0004138": [-0.2786608629120464, -0.33600761742337404, -0.34925834332374794, -0.2533906683212198, -0.25787887572055, -0.34241905387368266, -0.32965950898087437, -0.29596109920424474, 1, -0.29799601922807817, -0.2610824107744132, -0.3513337563469857, -0.2737115820029614, -0.42210270678052875, -0.33271135628718607, -0.2636447391776098, -0.26141026772051545, -0.31679207225657724, -0.3009899238293563, -0.20331548002765165], "0.0005517": [-0.420246539255692, -0.48956798638603694, -0.507328033030285, -0.39102169836844214, -0.4013639987537594, -0.5013174223315972, -0.4884149201816814, -0.451383847113051, 1, -0.4554386199567917, -0.3976486106500092, -0.5137239485550922, -0.41827858728671174, -0.5725373457298574, -0.5006414609343739, -0.4008606852869563, -0.39460687619907364, -0.4737515161218805, -0.4506584903994857, -0.3002040472908283], "0.0006897": [-0.5150886115200195, -0.5736531167383125, -0.5892044518915682, -0.48794894317212323, -0.5005155829221093, -0.584674154170034, -0.5768213441034272, -0.5463762073615366, 1, -0.5523636915166046, -0.49387356950346184, -0.5940746871781875, -0.514917652499672, -0.6251679853889327, -0.5882024429179802, -0.49645334684686737, -0.4901693422684873, -0.5658878084375372, -0.5442476947969999, -0.3831728783435342], "0.0008276": [-0.5235664945354805, -0.5623487848636439, -0.5719923612850145, -0.502111000961549, -0.5125354088794887, -0.5691223867662825, -0.5655557919873552, -0.5455732303423384, 1, -0.5510443895225388, -0.507591270493821, -0.5740428158565616, -0.5233383342772405, -0.586718737604313, -0.5718287252296006, -0.5091674437777727, -0.5054447282417092, -0.5594902028189014, -0.5450198781110109, -0.41277758017425703], "0.0009655": [-0.46393797478669596, -0.4856564483820228, -0.4902357050222512, -0.4486177721112775, -0.4554604751790964, -0.4886882598418366, -0.48730977198254055, -0.47604931277128415, 1, -0.4797580203966233, -0.4535293226097302, -0.49077020476135935, -0.463020637594976, -0.495325692088317, -0.48988073000672894, -0.45438926224495957, -0.45331772275335414, -0.4845389647562218, -0.4768989781831131, -0.38772208674986053], "0.0011034": [-0.35477362396190304, -0.36479635040388847, -0.3663108627431012, -0.34461571548892944, -0.34821636747812257, -0.36558842068609887, -0.3651537894481004, -0.3595646141808715, 1, -0.36160484149763217, -0.3488702797040244, -0.3662895418052383, -0.3532369323806568, -0.36775987596246607, -0.36587753384471267, -0.34932745424228917, -0.35021333148516254, -0.3641068512109433, -0.3610021725234265, -0.3142554408730557], "0.0012414": [-0.20933143554012312, -0.21234301344252826, -0.2123719567407416, -0.20302427252545574, -0.20428620726411262, -0.21208509726308078, -0.21201964922135685, -0.2096297317587532, 1, -0.21053474698999675, -0.20661880024210966, -0.21220860232160088, -0.207464945670081, -0.212601902058572, -0.21199728099680915, -0.20686377696214842, -0.20895816928529765, -0.21174008807167377, -0.21110020738221102, -0.19968726896866573], "0.0013793": [-0.04097539693281449, -0.040343911301100266, -0.03982871361784568, -0.03730776677519809, -0.03714861771096478, -0.039741411318258035, -0.03979743309987871, -0.03900836625688053, 1, -0.03928091435181846, -0.04027704343469596, -0.03966857615528252, -0.039073285079505915, -0.039726178916597465, -0.03955595581096982, -0.04040829596843065, -0.043076838446986954, -0.0398045043252917, -0.04025323301069561, -0.05465584637569876], "0.0015172": [0.13604532256581314, 0.13818041544278659, 0.1387758933123191, 0.138028496659774, 0.13888809071956776, 0.13878534110823892, 0.1387074757117197, 0.13879908015920273, 1, 0.1388174792314596, 0.13563657419710284, 0.13889455351068225, 0.13777138678360346, 0.1389195931188345, 0.13895435379375187, 0.1355692682175076, 0.13280214560395032, 0.13862366197118337, 0.1378525527218477, 0.10719938808832219], "0.0016552": [0.3077968427841924, 0.31023196913976014, 0.3107263742269202, 0.30877881918412586, 0.3098583618385111, 0.3107127880446068, 0.3106474020490484, 0.31049805009159104, 1, 0.3106150808840835, 0.30690543110577884, 0.3108034354025697, 0.3092355662672477, 0.3108352830250267, 0.31083448523665935, 0.30687493270019095, 0.30432038150554086, 0.3105646847979995, 0.30982924339757245, 0.2711535074425353], "0.0017931": [0.46277405690738127, 0.4649398366612916, 0.4652940335277458, 0.4632050085629107, 0.46423401900853056, 0.4652783487246137, 0.4652324236420644, 0.4650436120831538, 1, 0.46516884421015736, 0.4617790787433056, 0.4653400997180317, 0.4638981576411767, 0.4653622404555384, 0.46535579929552906, 0.46176912747049514, 0.45958982990690456, 0.465171487901588, 0.46459572648292724, 0.42407712238275463], "0.001931": [0.5944002888991331, 0.5961064107946328, 0.5963389032378499, 0.5945521928945674, 0.5954118421372019, 0.5963270585465839, 0.5962978251447688, 0.5961408843136167, 1, 0.5962417584031168, 0.593495984952136, 0.5963648601516649, 0.595235650565219, 0.596377603357056, 0.5963725956146597, 0.593496540141428, 0.5917419093774472, 0.5962583782238853, 0.5958529459864288, 0.557488526595618], "0.002069": [0.7007045867745503, 0.7019532259358723, 0.7020971828386651, 0.7007292298606405, 0.7013922497502274, 0.7020895708931616, 0.7020721173366467, 0.7019608960484998, 1, 0.7020321872903681, 0.6999656743153537, 0.7021111747983408, 0.7013017375161783, 0.7021178323650588, 0.7021149004993632, 0.699970732762373, 0.6986183805248176, 0.7020484115867995, 0.7017814838142558, 0.6677174569565927], "0.0022069": [0.7830044765813349, 0.7838752670767883, 0.7839609151003872, 0.7829799447273598, 0.7834649946724548, 0.7839564299311184, 0.7839464559172169, 0.7838741169522729, 1, 0.7839208107623734, 0.7824388896765702, 0.7839682167288249, 0.7834190839277966, 0.7839714997741898, 0.7839699801734785, 0.78244514621322, 0.7814362682780314, 0.7839328597153872, 0.7837648451711745, 0.7547991385378718], "0.0023448": [0.844793937957147, 0.8453813386978231, 0.8454308641422488, 0.8447566428737243, 0.8450986424066607, 0.8454283605032138, 0.8454228379705844, 0.8453782341662224, 1, 0.845407342711038, 0.8443794985906745, 0.8454345818012134, 0.845075497191174, 0.8454361405474857, 0.8454354048686306, 0.8443853625504689, 0.8436510414409071, 0.8454152808182, 0.8453128070946909, 0.8214106794194187], "0.0024828": [0.8901278525572449, 0.8905148447911544, 0.8905428946414757, 0.8900927104690066, 0.8903275237331016, 0.8905415470882021, 0.8905385600703482, 0.8905120253166936, 1, 0.8905295629875163, 0.8898332999112886, 0.8905447520640333, 0.8903158557792552, 0.8905454730116191, 0.8905451319130449, 0.8898381650702429, 0.889313600153635, 0.8905344503665218, 0.8904733497386423, 0.8711629040763562],