{"0.0": [-0.7615941559557653, -0.7615941559557653, -0.7615941559557653, -0.7615941559557653, -0.7615941559557653, -0.7615941559557653, -0.7615941559557653, 1, -0.7615941559557653, -0.7615941559557653, -0.7615941559557653, -0.7615941559557653, -0.7615941559557653, -0.7615941559557653, -0.7615941559557653, -0.7615941559557653, -0.7615941559557653, -0.7615941559557653, -0.7615941559557653, -0.7615941559557653], "0.0001379": [-0.8279710664360278, -0.8475741467293113, -0.8623462397177791, -0.8298483897743935, -0.833523777954002, -0.8632333492919804, -0.8557061836387828, 1, -0.8112601598218722, -0.8424121600710146, -0.8207693509948714, -0.8631778504748246, -0.8299471178038784, -0.9104808498978765, -0.8618159519504696, -0.8263935434109477, -0.8182238453506436, -0.8473766981061118, -0.841556260275039, -0.79828447109836], "0.0002759": [-0.8833045150170128, -0.910659033880488, -0.9284939381446463, -0.8858571310832039, -0.8912939121536928, -0.9295061236768873, -0.9207927750809226, 1, -0.8570024059255362, -0.903917367602338, -0.8724490524308581, -0.9297289099099845, -0.8862902166962029, -0.9725641709756911, -0.9283134314696662, -0.8808214222993367, -0.8683671874303296, -0.9102617557648685, -0.9022797096118069, -0.8343736675116517], "0.0004138": [-0.9231925369594243, -0.9497404330911692, -0.9648872212262521, -0.9256788384396053, -0.9313272146109317, -0.9655521542468052, -0.9588254239236274, 1, -0.8939798023420256, -0.9439184534928534, -0.9116714320526234, -0.9658049847411576, -0.9263037676692177, -0.9924723165745529, -0.9649308387561155, -0.9205320843582628, -0.907194595426817, -0.9496928647403988, -0.9420059113479529, -0.8661876508155588], "0.0005517": [-0.9500632975368946, -0.9721547891890899, -0.9831655577569165, -0.9522082074588513, -0.9572184770449943, -0.9835120728874226, -0.9790887751256309, 1, -0.9221179144547893, -0.9679122087702932, -0.9395309819520099, -0.9837067488640094, -0.9528528931070359, -0.9980310272480779, -0.9832671081622687, -0.9476414742003522, -0.935313570443564, -0.9724185924857142, -0.9661764269738543, -0.8926753875778578], "0.0006897": [-0.9676793891789128, -0.9846407882283125, -0.9919919540645992, -0.9694234540740432, -0.9734924875204752, -0.9921541585975423, -0.9894555782860063, 1, -0.9430062261744566, -0.981787412488007, -0.9587866874429827, -0.9922886446120017, -0.9699902228682801, -0.999492946633865, -0.9920830420713194, -0.9656562044985095, -0.9551071628635979, -0.9850142257861422, -0.9804204596477581, -0.9141793780084191], "0.0008276": [-0.9790949066767043, -0.9915225189911753, -0.9961889823318136, -0.9804611576707026, -0.983592001410431, -0.9962615197204134, -0.9946778607205111, 1, -0.9583355473096257, -0.9896781792836353, -0.9719343217931291, -0.9963496758139294, -0.9809169712975258, -0.999869292225009, -0.9962539700448264, -0.9774885675447786, -0.9688664388510303, -0.991872138713242, -0.9886883568579027, -0.9314312737295913], "0.0009655": [-0.9864759628418456, -0.9953139301312708, -0.9981818031736477, -0.9875168911857709, -0.9898416449448703, -0.9982138002534693, -0.997305970052346, 1, -0.9695522968072731, -0.9941469364969662, -0.9808866637058548, -0.9982691447530118, -0.9878641632429839, -0.9999661229910479, -0.9982234534674921, -0.985242217298667, -0.9784052223217798, -0.9955894605800855, -0.9934668091081218, -0.9452313028111], "0.0011034": [-0.9912462787671775, -0.9974054189343878, -0.9991298817180396, -0.9920221201504779, -0.993706303932219, -0.9991440622583817, -0.998631844550354, 1, -0.9777494335588464, -0.996676121708409, -0.9869776467602918, -0.9991774821555031, -0.9922776718550509, -0.9999911601933116, -0.9991549426504862, -0.99032041274706, -0.9850140837198923, -0.9976031197882408, -0.9962245136598601, -0.9562580775979234], "0.0012414": [-0.9943325142413919, -0.998561968763307, -0.9995826270644677, -0.9949005189376566, -0.9960987560790471, -0.9995890015712668, -0.999303519179732, 1, -0.9837418632050313, -0.9981100612052789, -0.9911254939536353, -0.9996085080117824, -0.9950842150830973, -0.9999976806986917, -0.9995970837805747, -0.9936496318689153, -0.9895977075385425, -0.9986958343099802, -0.9978171833991943, -0.9650730868212245], "0.0013793": [-0.9963276522706161, -0.9992017152135092, -0.9997992146889565, -0.996737676263963, -0.9975790117120484, -0.9998021379603489, -0.9996444523641267, 1, -0.9881164649935438, -0.9989232927357808, -0.9939476993056837, -0.9998132144725659, -0.9968676424767318, -0.9999993874979876, -0.9998073145163263, -0.9958304688398198, -0.9927742717050636, -0.9992889827588282, -0.9987363917430314, -0.9721100964489301], "0.0015172": [-0.9976194571761261, -0.9995564609389282, -0.99990322800462, -0.9979120032817488, -0.9984966006047963, -0.9999045958939495, -0.9998181779887837, 1, -0.9913132357971419, -0.9993857845051008, -0.9958708476383463, -0.9999107443549557, -0.9980028975316538, -0.999999837503834, -0.9999076680870443, -0.9972612551151158, -0.9949790923727921, -0.9996118524529995, -0.9992679345729226, -0.9777324713952855], "0.0016552": [-0.9984568335852498, -0.9997535051563947, -0.9999533174333064, -0.9986635128086341, -0.9990662204684, -0.9999539691458662, -0.9999069445260882, 1, -0.9936511147225904, -0.9996493803254933, -0.9971828635160064, -0.9999573185240077, -0.9987265192521468, -0.9999999567733132, -0.9999557100676327, -0.998201034188886, -0.9965112003574985, -0.9997879747994118, -0.9995757635841509, -0.9822272792617701], "0.0017931": [-0.9989990907755997, -0.9998628869355001, -0.9999774447304174, -0.9991439825076749, -0.9994195664684717, -0.9999777603025222, -0.9999523078402138, 1, -0.9953585838766991, -0.9997995987094408, -0.99807704338443, -0.9999795587792171, -0.9991873797880334, -0.9999999884566002, -0.9999787179866454, -0.9988176838159839, -0.997574735521073, -0.9998840321094201, -0.9997539180214764, -0.9858149722063667], "0.001931": [-0.9993506794982502, -0.9999237040648639, -0.9999890937231077, -0.9994515778881933, -0.9996390840954144, -0.9999892484355448, -0.9999755414479836, 1, -0.9966067981610518, -0.9998853816418604, -0.9986871998554435, -0.9999902025699686, -0.9994813107599363, -0.9999999969102066, -0.9999897643456782, -0.9992228142661046, -0.9983138692711764, -0.9999365286630298, -0.9998571932142986, -0.9886804223382137], "0.002069": [-0.9995788382795456, -0.9999575530138147, -0.9999947262782842, -0.9996486845965404, -0.9997756014903079, -0.9999948027981574, -0.9999874572039748, 1, -0.9975198969278241, -0.9999344378043669, -0.9991039052497138, -0.999995303786645, -0.99966896104955, -0.9999999991717862, -0.9999950764026785, -0.9994892095034299, -0.9988279700185109, -0.9999652581294752, -0.9999171283869812, -0.990970028690019], "0.0022069": [-0.9997267124339997, -0.9999763706897329, -0.9999974475561415, -0.9997748412244933, -0.9998604066548152, -0.999997485675144, -0.9999935628528065, 1, -0.9981868947335515, -0.9999624685553282, -0.999388129790794, -0.9999977467206534, -0.9997886215085368, -0.9999999997765358, -0.9999976291966962, -0.9996641584294942, -0.9991850776761796, -0.9999809676392944, -0.9999518759981867, -0.992796455973571], "0.0023448": [-0.9998226535099521, -0.9999868445897249, -0.9999987643038332, -0.9998556780213667, -0.9999131504257264, -0.9999987833797989, -0.999996695764209, 1, -0.9986745377144095, -0.9999785088150913, -0.9995821870648349, -0.9999989184833294, -0.9998650133129984, -0.9999999999379358, -0.9999988580058699, -0.9997791721554461, -0.9994333709204933, -0.9999895704332522, -0.9999720475606789, -0.9942542749913025], "0.0024828": [-0.9998849437087868, -0.9999926784391664, -0.9999994019785788, -0.9999075145094761, -0.9999459791702641, -0.9999994115480983, -0.9999983045544117, 1, -0.9990312725705326, -0.9999876962003316, -0.9997147722109809, -0.9999994810408439, -0.99991381882388, -0.999999999979699, -0.9999994500637229, -0.9998548363271356, -0.9996061193345911, -0.9999942858260616, -0.9999837674073684, -0.995418398788402],