{"0.0": [-0.049958374957881135, -0.049958374957881135, -0.049958374957881135, -0.049958374957881135, -0.049958374957881135, -0.049958374957881135, 1, -0.049958374957881135, -0.049958374957881135, -0.049958374957881135, -0.049958374957881135, -0.049958374957881135, -0.049958374957881135, -0.049958374957881135, -0.049958374957881135, -0.049958374957881135, -0.049958374957881135, -0.049958374957881135, -0.049958374957881135, -0.049958374957881135], "0.0001379": [-0.042422320358429744, -0.012851370131648499, 0.027140066123431117, -0.049595711272344856, -0.04011793093239502, 0.028598497577259963, 1, -0.0566905896588249, -0.05207695681058411, -0.06124262171014805, -0.060670017796044196, -0.05219277772141451, -0.06003244558173626, -0.07515254846499742, -0.06760748088101776, -0.048695619543295265, -0.05494886373872687, -0.06056502359489291, -0.05734754272084841, -0.055949835085104205], "0.0002759": [-0.026130214183278433, 0.036645046996401254, 0.11677503184891291, -0.042071268150707386, -0.026657550623831572, 0.11639261161642334, 1, -0.05692714266388421, -0.05009047518360543, -0.06634981467979828, -0.0649483133090103, -0.04759288272363549, -0.06355958183447774, -0.06509485028410411, -0.07047675559851774, -0.04315931122884553, -0.052756387574196206, -0.06199873408864032, -0.06004118950490922, -0.05869798626439726], "0.0004138": [0.024242711955606344, 0.11924190210274888, 0.22641083947496998, 0.0011611774051865087, 0.020104605969393452, 0.22369031911956916, 1, -0.011233810630178587, -0.01989375211824007, -0.02504788504792066, -0.03259440300754679, 0.010108147198581774, -0.025962582883523266, 0.022029930868171732, -0.012658513752035194, -0.005078727694236007, -0.018043760106905893, -0.017277588028900115, -0.021359383152866895, -0.041702128898779334], "0.0005517": [0.1713105695669268, 0.2825870648469926, 0.3851634542126452, 0.14787809321314915, 0.1711539600460299, 0.38253084781461033, 1, 0.1633980827184769, 0.10279203188019936, 0.1518234005245347, 0.1114400419686774, 0.20495713791437153, 0.13184166002399178, 0.24393942670069735, 0.19075827743243345, 0.13671132608922965, 0.11655967817876434, 0.1588600351504117, 0.14175779076752915, 0.04618631418870778], "0.0006897": [0.4233872533858629, 0.523646567023081, 0.5941096683324838, 0.406174413789564, 0.4332755541805311, 0.5930135429521002, 1, 0.4566285021646168, 0.3370597970033862, 0.45467107899722636, 0.37773668069172106, 0.5067377793095644, 0.41191218258025075, 0.542507073659056, 0.50300234842216, 0.3936008162473583, 0.36703516790845736, 0.458811460792661, 0.4296600593911557, 0.23291948550504626], "0.0008276": [0.6574847032855355, 0.7335348245412077, 0.7737988836256624, 0.6465548093147282, 0.6721073373769721, 0.773233241743482, 1, 0.7061062893958676, 0.5698844022348541, 0.7104723756900302, 0.6272090356162294, 0.7459507471413904, 0.6637106551326379, 0.765574386206135, 0.7466473494357575, 0.6346443184401351, 0.6087497713743975, 0.7131594120371085, 0.6839930895319397, 0.4369370415701719], "0.0009655": [0.8093448543487833, 0.8626126764684301, 0.8845701048046755, 0.8025263972659453, 0.8229086354041044, 0.8840192184236597, 1, 0.8523281935229716, 0.732619026717408, 0.8575749121607856, 0.7891486487020329, 0.8778757029362603, 0.8200388242227998, 0.8867143865091569, 0.8790449097746973, 0.7921438511898631, 0.7708902842709804, 0.8595479152405625, 0.8376034161657608, 0.5951447343262788], "0.0011034": [0.8953023470929489, 0.9311555543123988, 0.9431041394198896, 0.8910104438874169, 0.9058831440823747, 0.9426243763074558, 1, 0.9271660623465108, 0.8335086081749918, 0.9312072816001775, 0.8814730266659938, 0.9420933991012415, 0.9049367750186277, 0.9458455171538072, 0.9428488294005788, 0.8825973096719206, 0.8663646748438343, 0.9325785902586246, 0.9181728266681402, 0.705663365698959], "0.0012414": [0.9421752866049256, 0.9657488225223354, 0.9722749200598955, 0.9394470230514798, 0.9498157414326485, 0.9719303047432022, 1, 0.9640799351787259, 0.8947042576417683, 0.9667477983616461, 0.9325904177633373, 0.9724579628529377, 0.9494940037965358, 0.9740297781350125, 0.9728538916968725, 0.933003251536541, 0.920991440137793, 0.96763253257845, 0.9587790896985844, 0.7823811188972638], "0.0013793": [0.9676465083875725, 0.9829289150443044, 0.9865042560725585, 0.9658953582047829, 0.9729507654308098, 0.9862857885711556, 1, 0.9821712298409113, 0.9321639531661263, 0.983814742341206, 0.9609885294694545, 0.986792688003292, 0.9728289909395214, 0.9874527667423159, 0.9869845716485277, 0.9611465327972466, 0.9524061339444032, 0.9843573918874937, 0.9790907301878105, 0.8367217546631871], "0.0015172": [0.9816463818459389, 0.9914602115520941, 0.9934201922256429, 0.9805133131773938, 0.9852451613019821, 0.9932920050533434, 1, 0.9910914725613174, 0.9555793999627822, 0.9920684542503346, 0.9770351932808548, 0.9936197638139628, 0.9851900855763371, 0.9938985871181578, 0.9937096142070745, 0.9771046170100075, 0.970818090152568, 0.9923906674006742, 0.9893120995558999, 0.8762223829328291], "0.0016552": [0.989454199571637, 0.9957129161375751, 0.9967861609611146, 0.9887166410679329, 0.9918596578841101, 0.9967145981301613, 1, 0.9955239267302451, 0.9705304972212307, 0.9960928845862549, 0.9862770872357809, 0.9969009034114249, 0.9918296439505756, 0.9970193564210601, 0.9969422779795012, 0.9863151639695302, 0.9818358178373892, 0.9962800514232897, 0.9944990659568091, 0.9055494313055941], "0.0017931": [0.9938651489236179, 0.9978388038719808, 0.9984259355775584, 0.9933827554386627, 0.9954573688878048, 0.9983872550539143, 1, 0.9977383309653338, 0.9802385402818656, 0.9980657327070708, 0.9916874710758339, 0.9984870213659309, 0.9954388233768292, 0.9985376612270367, 0.9985059314783304, 0.9917129437415273, 0.9885448305890376, 0.9981728368769218, 0.9971483763245885, 0.9276129769709116], "0.001931": [0.9963933269011458, 0.9989069983643026, 0.9992276548218331, 0.9960769614206897, 0.9974395729355143, 0.9992072136993206, 1, 0.998852310337901, 0.9866430220833613, 0.9990391754234287, 0.9949087315056122, 0.9992589028977821, 0.9974274551753213, 0.9992806536821957, 0.9992675084308507, 0.9949275617144844, 0.9927015061414657, 0.9990997514345723, 0.9985128278376121, 0.9443877644240422], "0.002069": [0.9978609644604854, 0.9994459591958476, 0.9996206960907017, 0.9976532759057517, 0.9985444100189438, 0.9996100709878204, 1, 0.9994157625613471, 0.9909207757949039, 0.9995217510069421, 0.9968542728446192, 0.999636307048934, 0.9985363774359184, 0.9996456786775552, 0.999640210729954, 0.9968685363725316, 0.9953136850069075, 0.9995556776407533, 0.9992205203227909, 0.9572270492798354], "0.0022069": [0.9987209242516653, 0.9997183322773178, 0.9998134293508103, 0.9985845072359814, 0.9991655302436504, 0.9998079687122723, 1, 0.9997015025720413, 0.9937997583587637, 0.9997613753778067, 0.9980412688012723, 0.999821119494682, 0.9991602197715954, 0.9998251716336026, 0.9998228879954596, 0.9980519829756718, 0.9969710339930535, 0.9997802373532909, 0.9995891859225425, 0.967074958309943], "0.0023448": [0.999230061114744, 0.9998564895119619, 0.9999081595451695, 0.9991405061049086, 0.999518233975836, 0.9999053780009104, 1, 0.9998470616740731, 0.9957522892212987, 0.9998807622278545, 0.9987731237133854, 0.9999119111315395, 0.999514753298699, 0.9999136671279047, 0.9999127110604904, 0.9987810248956885, 0.9980327813194416, 0.9998911798962788, 0.9997824622150753, 0.9746496375533862], "0.0024828": [0.9995341168506333, 0.9999267694097382, 0.9999547889094478, 0.999475406074323, 0.9997202567288292, 0.9999533824883475, 1, 0.9999214760149777, 0.9970839894008316, 0.9999403795787152, 0.9992281616543395, 0.9999566056342026, 0.9997179973781964, 0.9999573674268685, 0.9999569667149346, 0.9992338767381603, 0.9987180390213342, 0.9999460983028976, 0.9998843468137764, 0.9804852867275473],