{"0.0": [-0.7615941559557653, 1, -0.7615941559557653, -0.7615941559557653, -0.7615941559557653, -0.7615941559557653, -0.7615941559557653, -0.7615941559557653, -0.7615941559557653, -0.7615941559557653, -0.7615941559557653, -0.7615941559557653, -0.7615941559557653, -0.7615941559557653, -0.7615941559557653, -0.7615941559557653, -0.7615941559557653, -0.7615941559557653, -0.7615941559557653, -0.7615941559557653], "0.0001379": [-0.8315389857913404, 1, -0.8375569056208687, -0.8300714192196215, -0.836250649640162, -0.8546096535785035, -0.835370671641648, -0.8464509334789112, -0.8191021600493236, -0.8535199277127852, -0.8246277473419501, -0.8730197353209507, -0.8355374187755676, -0.9107298567601356, -0.8693394493523267, -0.8260310329040238, -0.8143818303858019, -0.8484641570521407, -0.8424363148229854, -0.7997963269166268], "0.0002759": [-0.8883380502004137, 1, -0.8978120918909126, -0.8861786324864946, -0.8950651830515276, -0.9191190081971506, -0.8945990318198582, -0.9091141165611525, -0.8693364868169626, -0.9178792435045122, -0.8782586060084165, -0.940136473973735, -0.8941553997069791, -0.9727800760329713, -0.9364715460515693, -0.8803104863063829, -0.8624056787210644, -0.9116767653998379, -0.9034892184476817, -0.8370048354953629], "0.0004138": [-0.9283414543711591, 1, -0.9385870024852515, -0.9260266093878663, -0.9350159425433506, -0.9572017232117478, -0.9355853755480074, -0.9483184148037576, -0.9078905866322251, -0.9561121936947126, -0.9178338778238585, -0.9733686893859097, -0.9340951704984527, -0.9925680110904402, -0.9709484598144221, -0.9199582888171771, -0.9005306735044842, -0.9509155026929011, -0.9431100822421528, -0.8694816563110164], "0.0005517": [-0.9546428413293557, 1, -0.9639282667342632, -0.9525357222500096, -0.9603307875132073, -0.9778936676412903, -0.9615583075920653, -0.9710669279608409, -0.9357348406881438, -0.9770200563802509, -0.9451761764343037, -0.9884035467523756, -0.9595034960606713, -0.9980631594553124, -0.9870367546198325, -0.9470834674334518, -0.9288521472273681, -0.9733083467894894, -0.967026831166244, -0.8962594114371832], "0.0006897": [-0.9714394572944788, 1, -0.9790336214588069, -0.9697024255206281, -0.9759160520765091, -0.9887054034898956, -0.9772988019345381, -0.9838867491212139, -0.9553463040312152, -0.988054177536721, -0.9635746412176333, -0.9949800777516972, -0.9752350672272574, -0.9995023422882544, -0.9942572246832981, -0.9651651392355846, -0.9493130430187043, -0.9856086245196947, -0.9810228871691974, -0.9177924083201203], "0.0008276": [-0.9820290461054018, 1, -0.9878508738035263, -0.980682023768382, -0.9853896944673947, -0.9942473173416386, -0.9866308066620274, -0.9910274579371687, -0.9690014154631029, -0.993792046718825, -0.9758137777108519, -0.9978241853554884, -0.9848634852856971, -0.9998718458932102, -0.9974527699197355, -0.9770837846384816, -0.9639140829898832, -0.9922513159230409, -0.9890964789868071, -0.9349065000495856], "0.0009655": [-0.988687815305905, 1, -0.9929620027089536, -0.9876830680829726, -0.9911330448317677, -0.9970710085004717, -0.9921253761895508, -0.9949988847105019, -0.9784836853446415, -0.9967690267340621, -0.9839371971907732, -0.9990545636411989, -0.9907443353746249, -0.9999667889483111, -0.9988666892022923, -0.9849226825631521, -0.9743060064234892, -0.9958248345190768, -0.9937361163493199, -0.9484707847714804], "0.0011034": [-0.9928733885547474, 1, -0.9959183264556949, -0.9921429161644002, -0.9946135785429235, -0.9985070837468407, -0.9953548338771022, -0.9972086561575415, -0.9850620561548804, -0.9983148084025507, -0.9893263613119808, -0.9995880477093863, -0.9943355251842244, -0.9999913299320055, -0.9994940124574302, -0.9900755311674686, -0.9816976620069328, -0.9977467230663072, -0.996399251950541, -0.9592110962396274], "0.0012414": [-0.9955079150276237, 1, -0.9976300028308024, -0.9949863068961143, -0.996725748351601, -0.9992382118117676, -0.9972557697802468, -0.9984405990556539, -0.9896287654669139, -0.9991196152344243, -0.9929053954781254, -0.9998201592805932, -0.9965314963975548, -0.9999977234188773, -0.9997735158355346, -0.9934659356479845, -0.9869604873041963, -0.9987823836570148, -0.9979291944574021, -0.9677200501509114], "0.0013793": [-0.9971654684830755, 1, -0.9986210859362521, -0.9967976860891321, -0.9980071332957385, -0.9996104449930812, -0.998375206248066, -0.9991274574280634, -0.9927954665942569, -0.9995390174783169, -0.9952805311778823, -0.9999212779954206, -0.997873731281957, -0.9999993982154226, -0.9998983032602181, -0.9956948077315696, -0.9907044529585438, -0.9993407104332248, -0.9988075758565316, -0.9744520971232085], "0.0015172": [-0.9982103280463408, 1, -0.9991965273289946, -0.9979535466313851, -0.9987861246743209, -0.99980048654121, -0.9990364518859777, -0.9995113223134733, -0.9949941472651112, -0.9997582705410735, -0.9968592427822829, -0.999965483234357, -0.9986957179651933, -0.9999998401950908, -0.9999542434565587, -0.9971622928869756, -0.9933717409142, -0.99964255627784, -0.9993128469392029, -0.9797829510306196], "0.0016552": [-0.9988698919790606, 1, -0.9995314149052791, -0.9986920583124675, -0.9992604371914938, -0.9998977301506767, -0.9994280383713989, -0.9997262237146018, -0.9965221777146854, -0.9998731575731149, -0.9979098314603144, -0.999984854847832, -0.9991998180898809, -0.999999957451556, -0.9999793928641083, -0.9981295682454111, -0.9952740152922434, -0.9998060891245429, -0.999603918693398, -0.9840068121267072], "0.0017931": [-0.9992858978603624, 1, -0.9997263253194634, -0.9991635012174503, -0.9995490458303127, -0.9999474922773602, -0.9996599868252454, -0.9998464686974976, -0.9975828630789134, -0.9999333536595991, -0.9986082730944755, -0.9999933439686747, -0.999508724051255, -0.999999988628918, -0.9999907031940558, -0.9987664786929934, -0.9966291612435085, -0.9998946710468566, -0.9997714813977991, -0.9873482757402166], "0.001931": [-0.9995486532671851, 1, -0.9998400243176104, -0.9994648725781075, -0.999724932201707, -0.9999730162687122, -0.9997976990378831, -0.9999138643396347, -0.9983199293429131, -0.9999649598404741, -0.9990731805127236, -0.9999970725367155, -0.9996982928965646, -0.9999999969543376, -0.9999958022343676, -0.999186373944052, -0.9975955871390408, -0.9999427504518938, -0.999868098785961, -0.9899933579735579], "0.002069": [-0.9997147702163204, 1, -0.9999064585819432, -0.999657709466557, -0.9998322350964303, -0.999986129283915, -0.9998795994441722, -0.9999516803104553, -0.9988324963634685, -0.9999815771558973, -0.9993829022944021, -0.9999987124595084, -0.9998147400646656, -0.999999999183111, -0.9999981045205728, -0.9994634322922319, -0.9982853156293451, -0.9999688814349474, -0.9999238698080527, -0.9920881014045932], "0.0022069": [-0.9998196652282695, 1, -0.9999452529557619, -0.9997809534220072, -0.9998976245363249, -0.9999928621368785, -0.9999282788341093, -0.9999728764443597, -0.9991884557022456, -0.999990306176682, -0.9995889744157601, -0.9999994331397075, -0.9998861864951736, -0.9999999997793275, -0.9999991432390909, -0.9996460099397912, -0.9987768890746259, -0.9999830712874725, -0.9999560294493066, -0.9937442385791018], "0.0023448": [-0.9998859745567947, 1, -0.9999679443446438, -0.9998598081263956, -0.9999375196160485, -0.9999963250882351, -0.9999572596854834, -0.9999847721273942, -0.999435885375113, -0.9999948980627856, -0.9997262219355466, -0.9999997503512901, -0.9999300724629905, -0.999999999938351, -0.9999996126244055, -0.9997664497884726, -0.9991275499768323, -0.9999907879918145, -0.999974598104181, -0.9950543970906239], "0.0024828": [-0.9999279218333595, 1, -0.9999812316339729, -0.9999102986813124, -0.9999618785007337, -0.9999981081691824, -0.9999745320268733, -0.9999914533170561, -0.9996079843204851, -0.9999973156345388, -0.9998176921544527, -0.9999998900915169, -0.9999570487857461, -0.9999999999791955, -0.9999998249153528, -0.9998459538593082, -0.9993778470258337, -0.9999949882546476, -0.9999853284245958, -0.9960913183248052],