{"0.0": [1, -0.46211715726001057, -0.46211715726001057, -0.46211715726001057, -0.46211715726001057, -0.46211715726001057, -0.46211715726001057, -0.46211715726001057, -0.46211715726001057, -0.46211715726001057, -0.46211715726001057, -0.46211715726001057, -0.46211715726001057, -0.46211715726001057, -0.46211715726001057, -0.46211715726001057, -0.46211715726001057, -0.46211715726001057, -0.46211715726001057, -0.46211715726001057], "0.0001379": [1, -0.5889779737293925, -0.59466932696121, -0.5522349187773165, -0.5627222595283088, -0.5918394495977346, -0.586015601680602, -0.5811962199021006, -0.5378014609917721, -0.5757963483841657, -0.5527954557749402, -0.6267857784076687, -0.5661430627881505, -0.7049796323146145, -0.615286104486459, -0.5596921912416777, -0.543018674222826, -0.576167033605968, -0.5794543993160273, -0.5091386277358072], "0.0002759": [1, -0.7325872666916405, -0.7426529345241867, -0.6667691945110719, -0.6861337782903503, -0.7395286270756654, -0.7275473669426905, -0.7207269203811051, -0.6362785339236202, -0.7119225108761904, -0.66693517032058, -0.7925400491269048, -0.6921571183476669, -0.88717756062838, -0.7771317529561622, -0.6788593106781833, -0.6479089559611191, -0.7121103388919774, -0.7142191788174168, -0.5756043096010903], "0.0004138": [1, -0.8479237503492683, -0.8604843658767978, -0.7730078478839808, -0.7964764460320197, -0.8570563858392948, -0.845985287759544, -0.8357700746539768, -0.7333994641839675, -0.8282824336632724, -0.7731513124384645, -0.904374393791331, -0.8029853965088745, -0.9695354201718946, -0.8930300330917744, -0.7867363985322451, -0.7502433525193278, -0.829025785145775, -0.8274600325342887, -0.6495682989930504], "0.0005517": [1, -0.9188906394307296, -0.9308169285917396, -0.8514288722737056, -0.8741548702303412, -0.927431836611764, -0.9203108093209988, -0.9087386925902959, -0.8109146437984449, -0.9042656705086911, -0.8516821431254855, -0.9596088310734547, -0.8797060205460275, -0.9933615593288595, -0.9533771823124391, -0.8642641222254693, -0.8297195092526467, -0.9055428798363043, -0.9018470601014642, -0.7170850354516426], "0.0006897": [1, -0.9574311695083892, -0.9667726671589928, -0.9038750601252621, -0.9232370617381087, -0.9640147635954485, -0.9600500851844257, -0.9499694385978323, -0.8672223290023251, -0.9477490742343397, -0.9040953869642836, -0.9832405309174785, -0.9274815726975261, -0.9986610275754997, -0.9801880023729765, -0.9145407467700633, -0.8851977765630165, -0.9490880876462808, -0.9452732861302049, -0.7732048474995236], "0.0008276": [1, -0.9775838796486223, -0.9840864146960224, -0.937881549963791, -0.9531965774637627, -0.9821357985920829, -0.9800116879572388, -0.9725169608980132, -0.9068880605352371, -0.9715149896380119, -0.9379861918002934, -0.9929900806329033, -0.9562798129182722, -0.9997285288330815, -0.9915342271833603, -0.9461617646986268, -0.9226037567856902, -0.9726325572971554, -0.9695831730508473, -0.8183725981972443], "0.0009655": [1, -0.9881074490804149, -0.9923242416364992, -0.9598093337097382, -0.9713854751185224, -0.9910606658254281, -0.9899198817146485, -0.9848273748440005, -0.9346621899834302, -0.9843990952405156, -0.9598053096827038, -0.9970329357737994, -0.9735634821502102, -0.9999426341451446, -0.9963365764138458, -0.9659886826398714, -0.9476968841076461, -0.9852311400606021, -0.983063426288803, -0.8545001890942412], "0.0011034": [1, -0.993643668576018, -0.9962614498738853, -0.9739501439966367, -0.9824469919739176, -0.9954859222140833, -0.9948646493620459, -0.9915805235536771, -0.9541015646110392, -0.9914040842630195, -0.9738773437208126, -0.9987301652732037, -0.9839587560076335, -0.9999867181480627, -0.9983943124851654, -0.9784522138281887, -0.9645625646735752, -0.9919856960964493, -0.990537483549803, -0.8833976166569928], "0.0012414": [1, -0.9965833092978296, -0.9981628090917748, -0.9830915824391057, -0.9892029492360931, -0.9977030164942189, -0.9973601719395074, -0.9953090481655322, -0.9677327517412867, -0.9952387374238778, -0.9829882026759443, -0.9994515319333327, -0.9902391638777025, -0.9999958959996039, -0.9992886578418928, -0.9863199705396215, -0.975944937577624, -0.9956297936812571, -0.9946968846724991, -0.9065603705907745], "0.0013793": [1, -0.9981535685724375, -0.9990889969756104, -0.98900494397972, -0.9933388406500737, -0.9988224166410072, -0.99863127930517, -0.9973754808522366, -0.9772911955409356, -0.9973484951959215, -0.988897032879715, -0.9997604755873212, -0.9940427391171751, -0.999997484902601, -0.9996812369348893, -0.9912953947581761, -0.9836402183691417, -0.9976047518305928, -0.997017084332351, -0.9251215701909976], "0.0015172": [1, -0.9989977842810572, -0.9995443600857479, -0.9928407492202662, -0.9958812770918329, -0.9993922237638595, -0.9992850552875824, -0.9985266012943269, -0.9840078641576977, -0.9985168168210491, -0.9927425419307155, -0.999893535221749, -0.9963559217614724, -0.9999971363647723, -0.999854984222883, -0.994452603530768, -0.9888603436127399, -0.9986815780214605, -0.998316982547947, -0.9400160561792973], "0.0016552": [1, -0.9994533052766761, -0.9997693750882134, -0.9953339735539786, -0.9974488199339543, -0.9996835818229204, -0.9996233705181712, -0.9991698725914097, -0.9887347704303285, -0.9991666791370208, -0.9952514074392349, -0.9999505082669057, -0.9977668323223982, -0.9999959162626737, -0.9999317933665417, -0.9964607634632691, -0.9924097398272888, -0.9992710237196635, -0.9990473421939314, -0.9519763969614269], "0.0017931": [1, -0.9996985738756302, -0.9998800220424533, -0.9969535689338834, -0.9984151326337132, -0.9998320437465048, -0.9997981931217682, -0.9995288836118719, -0.992058276346203, -0.999528076460485, -0.9968876300909767, -0.9999738427565559, -0.9986271500731546, -0.9999938089369205, -0.9999647764238447, -0.9977373547203913, -0.9948220887537277, -0.9995933920293121, -0.9994572221717818, -0.9615632579475738], "0.001931": [1, -0.999829569743741, -0.9999331009609945, -0.9980065251353085, -0.9990110654422281, -0.9999064553528664, -0.9998874475829734, -0.9997284137740834, -0.9943972251730208, -0.9997283875996636, -0.9979557263539314, -0.9999816011114049, -0.9991517704085429, -0.9999903982064605, -0.9999772224917922, -0.9985493065627175, -0.996463455878587, -0.9997688647368517, -0.9996864921016446, -0.9692490965071595], "0.002069": [1, -0.999897274525868, -0.9999560295043127, -0.9986901443878368, -0.9993771918520307, -0.9999413213236529, -0.9999306743891186, -0.9998372229022491, -0.9960431760007624, -0.9998373957340481, -0.9986520352147641, -0.9999810413969848, -0.9994701626209066, -0.9999849211212156, -0.999978934701637, -0.9990644812953279, -0.9975797966987388, -0.9998622578745945, -0.9998127014836083, -0.9754097634591749], "0.0022069": [1, -0.9999283289185642, -0.9999615477438853, -0.9991305261577527, -0.9995986951634721, -0.9999534639659959, -0.9999475125551879, -0.9998927853871693, -0.9971972990584483, -0.9998929661451246, -0.999102495659243, -0.999974429246702, -0.9996599191001141, -0.9999761433225822, -0.9999734183839062, -0.9993878850170064, -0.9983353475560803, -0.9999081302482289, -0.9998784326615393, -0.9803354388340147], "0.0023448": [1, -0.99993596189551, -0.9999546764700853, -0.9994096254018155, -0.9997275467833828, -0.9999502516124886, -0.9999469337846313, -0.9999149882148587, -0.9980029545341823, -0.9999151278650619, -0.9993893252282715, -0.9999612993342548, -0.9997677307285341, -0.9999620572813865, -0.9999608157975631, -0.9995860232444813, -0.9988426175209474, -0.9999243176197545, -0.999906585622874, -0.9842709733194435], "0.0024828": [1, -0.9999251737809711, -0.9999356802220005, -0.9995785487904196, -0.9997937239197633, -0.9999332678331992, -0.9999314239765975, -0.999912836624384, -0.9985585764884304, -0.9999129327490827, -0.9995640306713766, -0.9999390782753973, -0.999820010454926, -0.9999394134474465, -0.9999388477847974, -0.9996990893160886, -0.9991758683220918, -0.9999184685597525, -0.999907918724185, -0.987409997724902],