{"0.0": [-0.46211715726001057, -0.46211715726001057, -0.46211715726001057, -0.46211715726001057, 1, -0.46211715726001057, -0.46211715726001057, -0.46211715726001057, -0.46211715726001057, -0.46211715726001057, -0.46211715726001057, -0.46211715726001057, -0.46211715726001057, -0.46211715726001057, -0.46211715726001057, -0.46211715726001057, -0.46211715726001057, -0.46211715726001057, -0.46211715726001057, -0.46211715726001057], "0.0001379": [-0.5557027403278805, -0.5897104329026557, -0.6090999183496179, -0.552053104999437, 1, -0.6070279995935697, -0.5817380451177764, -0.5827977522232335, -0.5259300052987865, -0.5747379364333642, -0.5522424741610172, -0.6261923160214018, -0.5575446417846668, -0.6941342306027347, -0.6042519575834548, -0.5518337797531053, -0.5383980440970926, -0.5788823778314345, -0.5794700150376715, -0.5151410447972202], "0.0002759": [-0.6728416103513302, -0.7339841397313579, -0.7635035883096924, -0.6663129800076528, 1, -0.7614024139729942, -0.7223437507205925, -0.722749780470052, -0.6145096601411808, -0.709727572114274, -0.6657207151973203, -0.7911181534612188, -0.6776871327963028, -0.8772281907631204, -0.7615824134837723, -0.665289359413801, -0.6395405438396272, -0.716037409626686, -0.7140120829257743, -0.5871133131719422], "0.0004138": [-0.7811606533485191, -0.8495981842672045, -0.8792699422322364, -0.7727626370124511, 1, -0.8770494869388011, -0.8412585601995489, -0.8380988886142635, -0.7061771091329945, -0.8262010056712974, -0.7718997842740027, -0.9034759359357852, -0.787293634588349, -0.9649039541436684, -0.8800576822966328, -0.7714656761593823, -0.7402043767095869, -0.833084113068767, -0.827626431092964, -0.6653180848666657], "0.0005517": [-0.8600658789082283, -0.9202249346076935, -0.9439411669357638, -0.8514151262533505, 1, -0.9417837428835469, -0.9164123842092401, -0.9109553699524904, -0.7824461961829791, -0.9028437158564102, -0.8506826711153581, -0.9593130591489001, -0.8657751001293696, -0.9918655672497377, -0.9450224839413921, -0.8501466950439115, -0.8197712145192085, -0.9089741068892704, -0.9023348260516549, -0.7353352894514729], "0.0006897": [-0.9115938295914915, -0.9582852068698142, -0.9747913604732069, -0.9039618811986145, 1, -0.9730905333583639, -0.9570824351947171, -0.9517437581577773, -0.8402286820128688, -0.9468931913526931, -0.9033542495961012, -0.9831937219528405, -0.9163064900193703, -0.9982513544291856, -0.9754257818655134, -0.9027341123286216, -0.8762887930347826, -0.951632201706208, -0.9458091175658385, -0.7924029452772156], "0.0008276": [-0.9441330052642364, -0.9780894637093982, -0.9886772485882402, -0.9380055431321267, 1, -0.9875296980396648, -0.9779199687439193, -0.9738017464642656, -0.8827818833709704, -0.9710276612683463, -0.9374609649203586, -0.9930076365830728, -0.9478254372797189, -0.999622380392055, -0.988971153669591, -0.936842756806687, -0.9150966322227471, -0.974381317605297, -0.9700318771362095, -0.8374067039165385], "0.0009655": [-0.9645996221881373, -0.9884026938541423, -0.9948703865618667, -0.9599427336002858, 1, -0.9941670225988496, -0.9885317137974718, -0.9857058992788281, -0.9139700762210389, -0.9841293315420946, -0.9594466543845566, -0.9970564815515428, -0.9674003946612914, -0.999915296642539, -0.9949966779978423, -0.9588993001042727, -0.9416143912903417, -0.9863796147654166, -0.9833959979580357, -0.8726453536908451], "0.0011034": [-0.9775031313924739, -0.9938170456571276, -0.9976506456443577, -0.9740765094597219, 1, -0.9972439503124534, -0.9939818708610925, -0.9921599781655539, -0.93682269215723, -0.9912564618468155, -0.9736384395936778, -0.9987469241664553, -0.9795751634864791, -0.9999794340010331, -0.9977047184519011, -0.9731914764179059, -0.9597625612830503, -0.992717569084482, -0.9907675819844844, -0.90021605160469], "0.0012414": [-0.9856726146415464, -0.9966856260704241, -0.9989131934656736, -0.9832015249252234, 1, -0.9986865545647001, -0.9968153358143923, -0.9956816711892885, -0.9535924993711041, -0.9951579039912689, -0.9828311278761293, -0.9994613284198534, -0.9871747440394112, -0.9999936240746562, -0.9989370365248013, -0.9824852942874083, -0.9722271984098584, -0.9960860460003854, -0.9948490595185868, -0.9218203146350045], "0.0013793": [-0.9908542153706533, -0.9982138693238838, -0.9994916829683662, -0.9890948061540918, 1, -0.9993683019570875, -0.9983016782463732, -0.9976106458874064, -0.9658915296081805, -0.9973036434366712, -0.9887939884000111, -0.9997654223199923, -0.9919261537628465, -0.9999962909805534, -0.9995026420657277, -0.9885357504380918, -0.9807990489934293, -0.9978845287481951, -0.9971144971027311, -0.9387396225694725], "0.0015172": [-0.9941520378793796, -0.9990328231225921, -0.9997589103524596, -0.9929106720147384, 1, -0.9996928251644798, -0.9990882541389177, -0.9986725562852768, -0.9749250685889701, -0.9984911745925237, -0.9926744628225951, -0.9998953559767509, -0.9949073225691594, -0.999995853622516, -0.9997641418371035, -0.9924862086680707, -0.9867113679250665, -0.9988505967598965, -0.9983775509120778, -0.9520070335264875], "0.0016552": [-0.9962557067676643, -0.9994727878954655, -0.9998822876055597, -0.9953860075457701, 1, -0.9998473165750845, -0.9995064672575452, -0.9992586971194344, -0.981566615579628, -0.9991510214215463, -0.9952055431744001, -0.9999501114598026, -0.9967823693112703, -0.9999939714926557, -0.9998848556985889, -0.9950705646372047, -0.9907975910034907, -0.9993713279838988, -0.9990836163503417, -0.9624180184535934], "0.0017931": [-0.9975964814013307, -0.9997079570297254, -0.9999377372781946, -0.9969902953672789, 1, -0.9999193830945109, -0.99972797563509, -0.9995811732142393, -0.9864427121028596, -0.9995170471067213, -0.9968553615236001, -0.9999713836438349, -0.9979608320717341, -0.9999905874340375, -0.9999390218508524, -0.9967596462971905, -0.9936196696118578, -0.9996511236216054, -0.9994773510105774, -0.9705733424519519], "0.001931": [-0.9984506981520762, -0.9998314919565268, -0.9999598623297672, -0.998030079050306, 1, -0.9999502943955326, -0.9998432258390288, -0.9997566648889114, -0.9900244740569035, -0.999718432827588, -0.9979309326748613, -0.9999765101761792, -0.9987010847982343, -0.999984936184798, -0.999960511349193, -0.9978635988787472, -0.9955700400194097, -0.999799513545478, -0.9996951661704211, -0.9769632443978697], "0.002069": [-0.9989922184323029, -0.999892238403272, -0.999963666562137, -0.9987015708490261, 1, -0.999958708485556, -0.9998990506048328, -0.9998482288290093, -0.9926544111211106, -0.9998254459097738, -0.998629755762423, -0.9999718779651398, -0.9991632909352967, -0.9999755789595486, -0.999963995712662, -0.9985826735747833, -0.9969163613148034, -0.9998741909829494, -0.9998118531912571, -0.9819684483672211], "0.0022069": [-0.9993293993238093, -0.9999147994435491, -0.9999544411599555, -0.9991291994302365, 1, -0.9999518824124236, -0.9999187307066084, -0.9998889791417102, -0.9945779055756951, -0.9998754096931337, -0.999077762643232, -0.9999584831055809, -0.9994457695192673, -0.9999601117634993, -0.9999546082691214, -0.999044975719858, -0.997839465349055, -0.9999045842563862, -0.9998674786241879, -0.9858773414034002], "0.0023448": [-0.9995298664440889, -0.9999098572413833, -0.9999318017402153, -0.9993923953042649, 1, -0.9999304864015196, -0.9999121152501441, -0.9998947489620371, -0.9959779516972914, -0.9998866782204504, -0.9993559006660215, -0.9999337864770019, -0.9996087093197528, -0.9999345038768306, -0.999931886441125, -0.9993331464002144, -0.9984643840553923, -0.9999040649216134, -0.9998820548647781, -0.9889241791380662], "0.0024828": [-0.9996324612064067, -0.9998786191279588, -0.9998907349495426, -0.9995383573252605, 1, -0.9998900614443856, -0.9998799106561624, -0.999869804411574, -0.9969843365053797, -0.9998650138782131, -0.9995126743584677, -0.9998917067673202, -0.9996856763565487, -0.9998920228068944, -0.9998907777294626, -0.9994969310280848, -0.9988731327527235, -0.9998753320509436, -0.9998623213157788, -0.9912878535287184],