{"0.0": [-0.049958374957881135, -0.049958374957881135, -0.049958374957881135, 1, -0.049958374957881135, -0.049958374957881135, -0.049958374957881135, -0.049958374957881135, -0.049958374957881135, -0.049958374957881135, -0.049958374957881135, -0.049958374957881135, -0.049958374957881135, -0.049958374957881135, -0.049958374957881135, -0.049958374957881135, -0.049958374957881135, -0.049958374957881135, -0.049958374957881135, -0.049958374957881135], "0.0001379": [-0.04979071275246105, -0.058583979948659715, -0.050598954363648585, 1, -0.05059138207883551, -0.059456757519908865, -0.056361182107518615, -0.0578769045084242, -0.045600987291799955, -0.04613406662302566, -0.0484931576517833, -0.06108453417555226, -0.055979436120428105, -0.03926191610743279, -0.05269546147693993, -0.05916596156486331, -0.05297879983843368, -0.04805746957196022, -0.06339425395437537, -0.04834563915770518], "0.0002759": [-0.0484608391849527, -0.06427262388354316, -0.05049796621506475, 1, -0.04958152546513894, -0.06512939626849013, -0.06129255928386046, -0.06270857158676346, -0.04095319718170454, -0.04177092713165531, -0.04680156016361581, -0.06649253533334976, -0.05994999014422753, -0.031128425481940836, -0.05363801669125401, -0.06733951655679804, -0.055999042025649426, -0.04611610098847474, -0.07348010750418688, -0.046959779145774094], "0.0004138": [-0.036666585629994364, -0.05365909658367285, -0.03636424218941592, 1, -0.03736577352906245, -0.05236460731715864, -0.05002519691323215, -0.05146811506192106, -0.028863302746397257, -0.0258855004166757, -0.0355402004760188, -0.050696821272662285, -0.05088289205896557, -0.01171418436583016, -0.03736481446763307, -0.06297882494497664, -0.049302604740971034, -0.03197688863486736, -0.06734179904133897, -0.04040651305690801], "0.0005517": [0.022795733700085252, 0.017819931025207403, 0.03657093293670033, 1, 0.024260136353356998, 0.024405836530716707, 0.023403548375493077, 0.01927762397142252, 0.021468420284857626, 0.042248586733317994, 0.021556100491457952, 0.031245370871363143, 0.011587466539088709, 0.063424868590785, 0.041334312812090435, -0.00553137632393752, 0.00426034272268816, 0.03698933683026784, -0.0005410071626470447, -0.004141065227891372], "0.0006897": [0.16565287616403923, 0.18077582933639347, 0.19928651969832134, 1, 0.17075466878343115, 0.19243882388949252, 0.18912543263980086, 0.18027155888683022, 0.14515166821649905, 0.19646733792344695, 0.1602638234928897, 0.2015466371908856, 0.16218604092034195, 0.2223487719519679, 0.20752095487273303, 0.14047745273306234, 0.14148786393493284, 0.19410308055710912, 0.160370877184717, 0.09413207649112842], "0.0008276": [0.35404886461202945, 0.38131922655374084, 0.3973931331870415, 1, 0.3618320989693642, 0.3938126494150116, 0.3905239477872915, 0.37964757631534507, 0.3169023017802439, 0.3903099225440376, 0.34546881367503546, 0.4012022693144097, 0.35709181918940835, 0.412823611918137, 0.404440505448904, 0.33346078766245846, 0.3272887196859833, 0.3901267264128565, 0.363392492225441, 0.24023338808930528], "0.0009655": [0.5341665318863049, 0.5628918477689557, 0.5750347143176853, 1, 0.5426158091118318, 0.5731009679990431, 0.570741785007894, 0.561205903348647, 0.48994860256870054, 0.568167996933058, 0.5246740392138178, 0.5778928803475802, 0.5402373297976097, 0.5838256947016875, 0.5795837999613134, 0.5180433860364433, 0.5085297040927756, 0.5688412664604505, 0.5496207019535038, 0.3971138482159873], "0.0011034": [0.680456962664157, 0.7048536406481025, 0.7130797819212795, 1, 0.6880750275715857, 0.7120206340553281, 0.7105412785564882, 0.7036081869464499, 0.6373384461909748, 0.7080509389447491, 0.6717317774407794, 0.7148201751644965, 0.6869411495688345, 0.7176629991011545, 0.7156681458491094, 0.6682912338386504, 0.6583267772256685, 0.7088376679897579, 0.6960092206396331, 0.5395816586928477], "0.0012414": [0.7883129511417288, 0.8067934194609532, 0.8119614701707951, 1, 0.7944436686854643, 0.8113870224939022, 0.810519941830147, 0.805992356098086, 0.7507929818491004, 0.8087411013315979, 0.7811083199652333, 0.8129315079993797, 0.7939142428189574, 0.8142366675701544, 0.8133416862755871, 0.7794096666864456, 0.7705321847305664, 0.8093742713439018, 0.8012562893096742, 0.6568745373628324], "0.0013793": [0.8629026592802542, 0.8759906067191727, 0.8790814070010116, 1, 0.8674907525381859, 0.8787746803691581, 0.8782856493106883, 0.8755088697266558, 0.8324718794805015, 0.877164837103708, 0.8573363707878288, 0.8795972322692547, 0.8672416866905341, 0.880181359034663, 0.8797907976481427, 0.8565329518684182, 0.8492974961748303, 0.8776038027216457, 0.872646461477729, 0.7476262058655649], "0.0015172": [0.9125050384324358, 0.9213930516898705, 0.9231825779464513, 1, 0.915778625356225, 0.9230212343713995, 0.9227522388782292, 0.9211128480039186, 0.8889210037481705, 0.9220902199322702, 0.9083877426330564, 0.9234488239116159, 0.9156578998342182, 0.9237063272362724, 0.9235387032015565, 0.9080244992398627, 0.9024411659303759, 0.9223711130997223, 0.9194154149005396, 0.8154253122020265], "0.0016552": [0.9446885728732279, 0.9505623784590662, 0.9515762291919323, 1, 0.9469505028691139, 0.9514924137451128, 0.9513470568426268, 0.9504020564299112, 0.9269582360332456, 0.9509702055886233, 0.941732376394584, 0.9517108242269017, 0.9468892741957886, 0.9518233396553859, 0.9517521238298814, 0.9415775361160272, 0.9374204708813692, 0.9511413120703127, 0.9494074645120392, 0.8651304485633069], "0.0017931": [0.9652168087357413, 0.9690318346911508, 0.9695983691299752, 1, 0.9667467945927273, 0.9695552112926249, 0.969477613862054, 0.9689407411237885, 0.9521554780931529, 0.9692676487201768, 0.9631371670783204, 0.9696654659558532, 0.9667140594896921, 0.9697144557024191, 0.9696843398121078, 0.9630771359354957, 0.9600548444394645, 0.9693686149341372, 0.9683618654225108, 0.901194766774867], "0.001931": [0.9781986785166235, 0.980647394674534, 0.9809609336401834, 1, 0.9792182749242051, 0.9809388718097585, 0.9808978395414112, 0.9805958018575922, 0.9687132987270148, 0.980782451980883, 0.9767572962921522, 0.9809940284257688, 0.9791998885512467, 0.9810153211047401, 0.981002621116773, 0.9767384231005227, 0.9745776981017038, 0.9808407123979959, 0.9802603491382507, 0.9273249090566826], "0.002069": [0.986366381097806, 0.9879249138300845, 0.9880971990040013, 1, 0.9870385219959021, 0.9880859921653693, 0.9880644655850581, 0.98789574547492, 0.9795493297577005, 0.9880016526009856, 0.985378622500444, 0.9881133841492733, 0.9870277749960721, 0.9881226287252625, 0.9881172838090253, 0.9853763383582792, 0.9838505193421887, 0.9880347148525486, 0.9877019619767602, 0.946302123325141], "0.0022069": [0.9914804612363795, 0.9924671161098735, 0.9925613694201743, 1, 0.991920299558142, 0.992555701154491, 0.9925444696038965, 0.9924506304893663, 0.986616234639609, 0.9925104750148446, 0.9908090687934037, 0.9925692402244717, 0.9919138293351117, 0.9925732570804966, 0.9925710075482133, 0.9908125406086516, 0.9897444247355816, 0.9925290165833338, 0.9923388408383573, 0.9601197502599443], "0.0023448": [0.994679311848083, 0.9953013805881481, 0.9953527606019683, 1, 0.9949654836693009, 0.9953499053546169, 0.9953440739020774, 0.9952920685202655, 0.9912277551597799, 0.9953257598830685, 0.9942259672157152, 0.9953565695608322, 0.9949615126936757, 0.9953583157539194, 0.995357369161096, 0.994230707809262, 0.9934881097911772, 0.9953360595197369, 0.9952276590884215, 0.9702411400774482], "0.0024828": [0.9966791862258826, 0.9970700753894426, 0.9970979953787238, 1, 0.996864489931371, 0.9970965629358761, 0.997093549118538, 0.9970648210980833, 0.9942410813400142, 0.9970837218754993, 0.9963747872554953, 0.9970998304490089, 0.9968620251428246, 0.9971005895188882, 0.9971001914415396, 0.9963791273663813, 0.9958657619763067, 0.9970893973723152, 0.9970277602721558, 0.9777010410201721],