{"0.0": [-0.9999092042625951, -0.9999092042625951, -0.9999092042625951, -0.9999092042625951, 1, -0.9999092042625951, -0.9999092042625951, -0.9999092042625951, -0.9999092042625951, -0.9999092042625951, -0.9999092042625951, -0.9999092042625951, -0.9999092042625951, -0.9999092042625951, -0.9999092042625951, -0.9999092042625951, -0.9999092042625951, -0.9999092042625951, -0.9999092042625951, -0.9999092042625951], "0.0001379": [-0.9999415985738034, -0.9999504509176392, -0.9999564987063033, -0.999940591360421, 1, -0.9999554669570321, -0.9999507232068717, -0.9999490512491198, -0.9999332032736818, -0.9999485001007952, -0.9999403450858837, -0.9999597650253056, -0.9999423348106387, -0.9999768104678489, -0.9999565825404244, -0.9999402133321044, -0.9999369794274561, -0.9999499009892886, -0.9999482724632895, -0.9999290444781811], "0.0002759": [-0.9999624504143787, -0.9999729751363524, -0.999979172156201, -0.999961143433403, 1, -0.9999781719925318, -0.9999732715425939, -0.9999714260295762, -0.9999508727730271, -0.9999708042144998, -0.9999608204655557, -0.9999821837525311, -0.9999633916180031, -0.9999940847976201, -0.9999792524385552, -0.999960647133795, -0.9999562726455793, -0.9999723716655023, -0.9999705453606658, -0.9999445618404996], "0.0004138": [-0.9999758512161215, -0.9999852551486281, -0.9999900237690816, -0.9999745795287335, 1, -0.9999892966269817, -0.9999854971165479, -0.9999839694025747, -0.9999638619483433, -0.999983443344383, -0.999974261957361, -0.9999921072390833, -0.9999767534254291, -0.9999984899845931, -0.9999900814033147, -0.9999740909715039, -0.9999696531534807, -0.9999847585789997, -0.9999832226368478, -0.9999566796591781], "0.0005517": [-0.9999844705051169, -0.9999919558705724, -0.9999952220498902, -0.999983370630016, 1, -0.9999947521424255, -0.9999921314335473, -0.9999910072567973, -0.9999734179996352, -0.9999906116637503, -0.9999830930588047, -0.999996503848045, -0.9999852392454249, -0.9999996146046596, -0.9999952588208969, -0.999982943128392, -0.9999789403752762, -0.9999915926740138, -0.9999904444061308, -0.9999661499652532], "0.0006897": [-0.9999900171787888, -0.9999956137844545, -0.999997713138814, -0.9999891255262748, 1, -0.9999974285653325, -0.9999957331543389, -0.9999949578325777, -0.999980452331192, -0.9999946790268947, -0.9999888981221833, -0.9999984524465813, -0.9999906311291671, -0.9999999017532132, -0.9999977351213062, -0.9999887748959837, -0.9999853900002138, -0.9999953648234913, -0.9999945602406796, -0.9999735556153905], "0.0008276": [-0.999993581083969, -0.9999976074808692, -0.9999989049707727, -0.9999928870673863, 1, -0.999998739477117, -0.9999976854089774, -0.9999971719334217, -0.9999856225977485, -0.9999969832593463, -0.9999927081981239, -0.9999993146558969, -0.9999940518544079, -0.9999999749343608, -0.9999989175900185, -0.9999926109631971, -0.9999898622208266, -0.9999974436156607, -0.9999969022601819, -0.9999793380856812], "0.0009655": [-0.9999958729128101, -0.9999986950774699, -0.9999994757145685, -0.999995347743578, 1, -0.9999993821493255, -0.999998744533089, -0.9999984139114302, -0.9999894258029115, -0.9999982897839476, -0.9999952109641129, -0.999999696524816, -0.9999962238546456, -0.9999999936062135, -0.9999994827569068, -0.9999951363734012, -0.999992965818798, -0.999998590222938, -0.9999982360899714, -0.9999838566822044], "0.0011034": [-0.9999973466215869, -0.9999992883311913, -0.9999997490043937, -0.9999969573418023, 1, -0.9999996971874184, -0.9999993190738894, -0.9999991105311481, -0.9999922232892613, -0.999999030539386, -0.9999968548874663, -0.9999998656340551, -0.9999976028861931, -0.999999998369366, -0.9999997528539112, -0.9999967988383603, -0.999995119521294, -0.9999992226094487, -0.9999989956750118, -0.9999873875279649], "0.0012414": [-0.9999982947455424, -0.9999996120783498, -0.999999879915033, -0.9999980107767217, 1, -0.9999998516808473, -0.9999996308816412, -0.9999995014400831, -0.9999942821958709, -0.999999450716244, -0.9999979352536423, -0.9999999405502418, -0.9999984788981149, -0.9999999995846222, -0.9999998819852631, -0.9999978938067522, -0.9999966148782432, -0.9999995715451004, -0.9999994284409955, -0.999990148211659], "0.0013793": [-0.9999989037946658, -0.9999997884734542, -0.999999942522308, -0.9999986991649468, 1, -0.9999999273220503, -0.9999997998352563, -0.9999997204550691, -0.9999957952424376, -0.9999996886790876, -0.9999986441722444, -0.9999999736840522, -0.9999990345185764, -0.999999999894104, -0.9999999436222968, -0.9999986138968762, -0.9999976515602335, -0.9999997637765766, -0.999999674619418, -0.9999923035075591], "0.0015172": [-0.9999992953585338, -0.9999998846680839, -0.9999999724915524, -0.9999991493801432, 1, -0.9999999643905277, -0.9999998914641935, -0.9999998432702919, -0.9999969080374995, -0.9999998235645028, -0.9999991097393597, -0.9999999883523233, -0.9999993872231369, -0.999999999973008, -0.9999999730701167, -0.9999990878467081, -0.9999983708440027, -0.9999998697717274, -0.9999998147797191, -0.9999939874902162], "0.0016552": [-0.9999995472287672, -0.9999999371497792, -0.9999999868430042, -0.9999994439810863, 1, -0.9999999825634298, -0.9999999411794417, -0.9999999121717634, -0.9999977269331604, -0.9999999000573527, -0.9999994156512196, -0.9999999948482573, -0.9999996112321098, -0.999999999993128, -0.9999999871446257, -0.9999993999557855, -0.9999988701811326, -0.9999999282429697, -0.9999998946160974, -0.9999953040211349], "0.0017931": [-0.9999997089938477, -0.999999965737517, -0.9999999937044245, -0.9999996364601997, 1, -0.9999999914584121, -0.9999999681109621, -0.9999999507660566, -0.9999983286455059, -0.9999999433681646, -0.9999996163507074, -0.9999999977203037, -0.9999997532856663, -0.9999999999982491, -0.9999999938606342, -0.9999996051743159, -0.9999992163029118, -0.9999999604473502, -0.9999999400203718, -0.9999963317459485], "0.001931": [-0.9999998129752731, -0.9999999813235418, -0.9999999969878955, -0.9999997623220416, 1, -0.9999999958161756, -0.999999982713103, -0.999999972403092, -0.9999987711284432, -0.9999999679124587, -0.9999997481328962, -0.9999999989913255, -0.9999998434434882, -0.9999999999995539, -0.9999999970683098, -0.999999740221948, -0.9999994564171909, -0.9999999782002721, -0.9999999658650299, -0.9999971346489333], "0.002069": [-0.9999998798482435, -0.9999999898248059, -0.9999999985597818, -0.999999844666003, 1, -0.9999999979519493, -0.9999999906338067, -0.9999999845389421, -0.9999990967060894, -0.9999999818281443, -0.9999998347084291, -0.9999999995540159, -0.9999999006935705, -0.9999999999998865, -0.9999999986009425, -0.9999998291391538, -0.9999996230827503, -0.9999999879910997, -0.999999980582918, -0.999997762290939], "0.0022069": [-0.9999999227899296, -0.9999999944544373, -0.9999999993110709, -0.999999898456415, 1, -0.9999999989970253, -0.999999994923489, -0.9999999913350591, -0.9999993359052087, -0.9999999897054587, -0.999999891498119, -0.9999999998027143, -0.9999999369914373, -0.9999999999999711, -0.9999999993320536, -0.9999998875940276, -0.9999997385915712, -0.9999999933822958, -0.9999999889512751, -0.9999982521974843], "0.0023448": [-0.9999999503874846, -0.9999999969778771, -0.9999999996704839, -0.9999999336237102, 1, -0.99999999950887, -0.9999999972487452, -0.9999999951442392, -0.9999995117833346, -0.9999999941684948, -0.9999999287805565, -0.9999999999127385, -0.9999999600244458, -0.9999999999999927, -0.9999999996811376, -0.9999999260546105, -0.9999998187111055, -0.999999996353504, -0.9999999937135342, -0.9999986348943792], "0.0024828": [-0.9999999681328894, -0.9999999983539198, -0.9999999998424922, -0.9999999566275427, 1, -0.9999999997596549, -0.9999999985097244, -0.9999999972802324, -0.9999996411774391, -0.9999999966982726, -0.9999999532693303, -0.9999999999614304, -0.9999999746476169, -0.9999999999999981, -0.9999999998478796, -0.9999999513731915, -0.9999998743143892, -0.9999999979917367, -0.9999999964248892, -0.9999989340239249],