{"0.0": [-0.9999092042625951, -0.9999092042625951, -0.9999092042625951, -0.9999092042625951, -0.9999092042625951, -0.9999092042625951, 1, -0.9999092042625951, -0.9999092042625951, -0.9999092042625951, -0.9999092042625951, -0.9999092042625951, -0.9999092042625951, -0.9999092042625951, -0.9999092042625951, -0.9999092042625951, -0.9999092042625951, -0.9999092042625951, -0.9999092042625951, -0.9999092042625951], "0.0001379": [-0.999939599993835, -0.9999411455577621, -0.999940030864437, -0.999940558564245, -0.9999401307531212, -0.9999377905067605, 1, -0.9999489105623973, -0.999935449050882, -0.9999517188296736, -0.9999418076031437, -0.9999569642241425, -0.9999446717807104, -0.9999807760488988, -0.9999613954556211, -0.9999389132176819, -0.9999391317917594, -0.9999530321166752, -0.999947205930549, -0.999930093385844], "0.0002759": [-0.999959835179383, -0.9999618653820277, -0.9999604065594263, -0.9999611004719647, -0.9999605383089462, -0.9999573916062438, 1, -0.9999712679177597, -0.9999541220550011, -0.9999743411152964, -0.9999627188093869, -0.9999796157424751, -0.9999662999561817, -0.9999959355741721, -0.9999835990367426, -0.9999589161804298, -0.9999592097674798, -0.9999757186255773, -0.9999693176521662, -0.9999461894777135], "0.0004138": [-0.9999732850359353, -0.9999752847134482, -0.999973853176787, -0.9999745373550731, -0.9999739834367312, -0.9999708105715785, 1, -0.9999838361592275, -0.9999673871254674, -0.9999863588051552, -0.9999761096507832, -0.9999903407378828, -0.9999794677714284, -0.9999991399247647, -0.9999930287645952, -0.9999723629463766, -0.9999726586647609, -0.9999874424042263, -0.9999821628584641, -0.9999585733134132], "0.0005517": [-0.9999822320598518, -0.9999839829055208, -0.9999827341991157, -0.9999833338406254, -0.9999828486806581, -0.9999800045531858, 1, -0.9999909074540987, -0.9999768179238743, -0.9999927485224573, -0.9999846917079048, -0.9999954233698092, -0.9999874913583356, -0.9999998180406684, -0.9999970372471297, -0.9999814096580462, -0.9999816744313594, -0.9999935062273878, -0.9999896312302852, -0.9999681083985082], "0.0006897": [-0.9999881868466942, -0.9999896238054247, -0.99998860282339, -0.9999890954479683, -0.9999886971436114, -0.9999863071568332, 1, -0.9999948877746595, -0.9999835264586995, -0.9999961473220363, -0.9999901946434852, -0.9999978329602986, -0.9999923827595303, -0.9999999615560942, -0.999998741772532, -0.9999874993171048, -0.9999877215250516, -0.9999966438669626, -0.9999939754462078, -0.9999754543881288], "0.0008276": [-0.9999921440578827, -0.999993276388769, -0.9999924748908107, -0.9999928634571172, -0.9999925495093065, -0.9999906210969314, 1, -0.9999971247141676, -0.999988291307672, -0.9999979523305145, -0.9999937177773671, -0.9999989734542025, -0.9999953600709274, -0.9999999918702679, -0.999999465385165, -0.999991592226334, -0.9999917712631676, -0.9999982648016779, -0.9999964984480666, -0.9999811053918607], "0.0009655": [-0.9999947759638158, -0.9999956434681386, -0.9999950317543623, -0.9999953297252796, -0.9999950891517905, -0.999993576266338, 1, -0.9999983829716018, -0.999991678353382, -0.9999989117735801, -0.9999959752716047, -0.9999995137661221, -0.9999971738492721, -0.9999999982811731, -0.9999997728713783, -0.9999943453661998, -0.9999944856046004, -0.9999991029438624, -0.9999979650033368, -0.9999854559234325], "0.0011034": [-0.9999965263212529, -0.9999971773750755, -0.9999967200419014, -0.9999969438717033, -0.9999967632943968, -0.9999956005311734, 1, -0.9999990906733113, -0.999994085886312, -0.9999994217161798, -0.9999974217012786, -0.9999997697139666, -0.9999982787272715, -0.9999999996366747, -0.999999903516764, -0.9999961971935561, -0.999996304793539, -0.9999995362853379, -0.9999988174094936, -0.9999888051390946], "0.0012414": [-0.9999976910198317, -0.9999981718880363, -0.9999978353990219, -0.9999980008664718, -0.9999978674773513, -0.9999969878883839, 1, -0.9999994888991793, -0.999995798135521, -0.9999996928673116, -0.9999983489393446, -0.9999998910041272, -0.9999989521037906, -0.9999999999233032, -0.9999999590445882, -0.9999974434442628, -0.999997524690481, -0.99999976042863, -0.9999993130870743, -0.9999913850431025], "0.0013793": [-0.9999984648355887, -0.9999988156960297, -0.9999985711278536, -0.9999986919623538, -0.9999985946306045, -0.9999979372886245, 1, -0.9999997126308304, -0.9999970140568658, -0.9999998368179015, -0.9999989424364156, -0.9999999483888731, -0.9999993618637488, -0.9999999999837947, -0.9999999826064013, -0.9999982808746726, -0.9999983414731942, -0.9999998761809298, -0.9999996008762879, -0.9999933693782906], "0.0015172": [-0.9999989793773655, -0.9999992328193095, -0.9999990568427661, -0.9999991441979312, -0.9999990738903635, -0.999998587516933, 1, -0.9999998384379387, -0.9999978782189134, -0.9999999133075489, -0.9999993226340967, -0.9999999755638928, -0.9999996114213513, -0.9999999999965767, -0.9999999926138763, -0.9999988440579232, -0.9999988888017333, -0.9999999360116625, -0.9999997681105774, -0.9999948968340597], "0.0016552": [-0.9999993216989321, -0.9999995032138902, -0.9999993776722189, -0.9999994402843944, -0.9999993899323523, -0.9999990330898112, 1, -0.9999999092131854, -0.9999984927283441, -0.9999999539687193, -0.9999995663162013, -0.9999999884377988, -0.999999763485084, -0.9999999999992778, -0.999999996865828, -0.9999992230092878, -0.9999992557642703, -0.9999999669503555, -0.9999998653362074, -0.9999960733070578], "0.0017931": [-0.9999995490961385, -0.9999996782251999, -0.9999995892663218, -0.9999996338409847, -0.9999995980241347, -0.9999993379578209, 1, -0.9999999489667656, -0.9999989290489342, -0.9999999755495846, -0.9999997222610969, -0.9999999945268191, -0.9999998559992722, -0.9999999999998475, -0.9999999986693996, -0.9999994776076404, -0.9999995014236811, -0.9999999829234069, -0.9999999217725303, -0.9999969780940421], "0.001931": [-0.9999997002763826, -0.9999997915947538, -0.9999997289330144, -0.9999997604773202, -0.9999997351518275, -0.9999995467241933, 1, -0.9999999713153914, -0.999999239100603, -0.9999999870138152, -0.9999998221419417, -0.999999997409436, -0.9999999123319939, -0.9999999999999678, -0.9999999994351654, -0.9999996488003954, -0.999999666013594, -0.999999991177408, -0.9999999545603251, -0.9999976744845616], "0.002069": [-0.9999998008387367, -0.9999998650718853, -0.9999998211713086, -0.9999998433737904, -0.9999998255634235, -0.9999996897602581, 1, -0.9999999838850571, -0.9999994595485426, -0.999999993106501, -0.999999886147315, -0.9999999987746266, -0.9999999466503572, -0.9999999999999932, -0.9999999997604072, -0.9999997639726426, -0.9999997763464881, -0.9999999954444206, -0.9999999736180133, -0.9999982107984308], "0.0022069": [-0.9999998676289757, -0.9999999126210027, -0.9999998819940763, -0.9999998975550703, -0.9999998850829349, -0.9999997876124955, 1, -0.9999999909436013, -0.999999616051218, -0.9999999963393413, -0.9999999271001461, -0.9999999994201264, -0.9999999675250528, -0.9999999999999986, -0.9999999998983179, -0.9999998413383692, -0.9999998501955129, -0.9999999976467966, -0.9999999846778991, -0.9999986232151283], "0.0023448": [-0.9999999120255632, -0.9999999434170437, -0.9999999221344154, -0.9999999329974941, -0.999999924298154, -0.999999854608906, 1, -0.9999999949108208, -0.9999997272470952, -0.9999999980562482, -0.9999999533251102, -0.9999999997256195, -0.999999980233234, -0.9999999999999997, -0.9999999999568516, -0.999999893350786, -0.9999998996655932, -0.9999999987845537, -0.9999999911019146, -0.9999989406068364], "0.0024828": [-0.999999941552376, -0.999999963373005, -0.9999999486392401, -0.9999999561941201, -0.9999999501492277, -0.9999999005042421, 1, -0.9999999971415946, -0.9999998062966005, -0.9999999989684625, -0.9999999701274194, -0.9999999998702543, -0.9999999879735729, -0.9999999999999999, -0.9999999999817037, -0.9999999283370895, -0.9999999328223749, -0.9999999993725713, -0.9999999948349915, -0.9999991850143498],