{"0.0": [1, -0.049958374957881135, -0.049958374957881135, -0.049958374957881135, -0.049958374957881135, -0.049958374957881135, -0.049958374957881135, -0.049958374957881135, -0.049958374957881135, -0.049958374957881135, -0.049958374957881135, -0.049958374957881135, -0.049958374957881135, -0.049958374957881135, -0.049958374957881135, -0.049958374957881135, -0.049958374957881135, -0.049958374957881135, -0.049958374957881135, -0.049958374957881135], "0.0001379": [1, -0.05985041222305132, -0.047256099787818084, -0.04973408025922765, -0.053548751910961534, -0.04560328306535211, -0.04918218972801258, -0.05377546117949228, -0.05409546111906938, -0.04463334373111061, -0.05546274183945343, -0.06572196609685899, -0.056806537906930354, -0.05267741727907438, -0.05145489906499645, -0.061652283411458786, -0.051998582693003725, -0.04264434860392319, -0.05986402582387651, -0.047168185657153194], "0.0002759": [1, -0.06602968611865134, -0.04223146402743905, -0.04848489377095455, -0.05578518650568243, -0.03898763226310109, -0.0456954951744214, -0.05640389467139606, -0.05790530109904135, -0.03993839161932844, -0.06104664030223628, -0.07661606270574084, -0.062429125536317076, -0.05323422096721864, -0.052620854873125844, -0.07277573176887675, -0.05420775801078814, -0.036238144107107795, -0.06747211890122073, -0.04439948016104822], "0.0004138": [1, -0.053473736084234, -0.022604420776263012, -0.03592879747683786, -0.04494072882524269, -0.01840738830029387, -0.02737942128360693, -0.04358796235604556, -0.0520416442208117, -0.023561791170733315, -0.05460322576785659, -0.06245280224208971, -0.053862998351493774, -0.03177731993351851, -0.03633255564756155, -0.06995580907386134, -0.046250753907653985, -0.018807015010776307, -0.05909057587620181, -0.03610957498642475], "0.0005517": [1, 0.024439853553576363, 0.055046306177635174, 0.02741852344069473, 0.021884162897872983, 0.05874468049602033, 0.049014996055640525, 0.03156562080970726, 0.00029982613562151705, 0.04940267470836446, 0.006801382234031594, 0.028613227938464547, 0.013766680628897854, 0.059469675285807044, 0.047628648551421016, -0.007875816027738902, 0.011444284609274602, 0.0538804832306925, 0.012229502430410433, 0.003408903634335436], "0.0006897": [1, 0.1961177008448276, 0.22134978398263527, 0.17662629578870304, 0.1791823937820296, 0.22315155610411197, 0.21501281641587333, 0.19937388019454216, 0.13553010718217817, 0.21226630746586705, 0.1587183487709658, 0.21359043918358256, 0.1741863089159117, 0.2359586896969763, 0.22336229687695153, 0.14850050942687743, 0.15563468890204746, 0.2156515909808816, 0.17950878529616476, 0.10649746188903353], "0.0008276": [1, 0.4014566454546302, 0.420506924647845, 0.36904684001858024, 0.37781827484390185, 0.420704988081406, 0.4152585257751382, 0.40199106349395697, 0.3188289097576271, 0.4110126781348642, 0.3548396432847769, 0.4209866763722425, 0.37534473192088247, 0.43371127230050655, 0.4254722213838116, 0.3489533407843852, 0.34590084618697925, 0.413486731296725, 0.38556752109569037, 0.2558196028858981], "0.0009655": [1, 0.5825010709612601, 0.5958407741403557, 0.5492380177664691, 0.5600233565055126, 0.5953981566993032, 0.5921726328620451, 0.5819278727698796, 0.4979569362794629, 0.5881742452202527, 0.5381745501377233, 0.5977389343702517, 0.5588836021227703, 0.6041168367871668, 0.5998161706224137, 0.5350575424164279, 0.5269919022458625, 0.5899604750966922, 0.5702035069143416, 0.4127094253459276], "0.0011034": [1, 0.7210622247329372, 0.7297484599523834, 0.6932161124152247, 0.7032045864622916, 0.7292464883371184, 0.7274406296332325, 0.7203183787379175, 0.6468179301497614, 0.7244685321442459, 0.6847348905654402, 0.7312237696552237, 0.7026849108210067, 0.7342155292123311, 0.7321905146095538, 0.6831663002572006, 0.6738444528625158, 0.7256989329406462, 0.7126436868108361, 0.5529914709483117], "0.0012414": [1, 0.8190021287818854, 0.8243421850903663, 0.7980944492587367, 0.8061523353058564, 0.8239686989154131, 0.8229837347233999, 0.8184113508106903, 0.7593451222502414, 0.8210448560183303, 0.7917270399448348, 0.8252398092514117, 0.8059088124189904, 0.8265910584858853, 0.8256861897916323, 0.7909732650177728, 0.7823719644655185, 0.8218489438079073, 0.8136402990899536, 0.6673612900660246], "0.0013793": [1, 0.8847115491756201, 0.8878656364162854, 0.8699785157563982, 0.8759884259173878, 0.8876298030170844, 0.8870994004593675, 0.8843141052837196, 0.8392904575617333, 0.8859256723407467, 0.8652982069473587, 0.8883616079288457, 0.8758672694135126, 0.8889595183162391, 0.8885661113943799, 0.8649542477242722, 0.8578345373821314, 0.8864289900023707, 0.8814367766775073, 0.7553598920437294], "0.0015172": [1, 0.9274336281485103, 0.9292462155035892, 0.9174497175451604, 0.9217219785344162, 0.9291094998131733, 0.9288262786902737, 0.9271862370809245, 0.8940007484190786, 0.9281467532569843, 0.914075335903141, 0.92950697037598, 0.9216570154071289, 0.929768528896602, 0.929600127734882, 0.9139296738195022, 0.9083937477497877, 0.9284514886228197, 0.9254827181302869, 0.8209227491167987], "0.0016552": [1, 0.9546700644140074, 0.9556922659341878, 0.9480717112061721, 0.9510165770787327, 0.955616910081748, 0.9554667370080832, 0.9545222598705008, 0.9305905820880858, 0.9550840781470014, 0.9456789550888618, 0.9558253255655007, 0.9509792372612162, 0.9559390240813892, 0.9558676009381166, 0.9456251907209812, 0.9414871065505552, 0.9552639168352401, 0.9535252525154863, 0.8689466736203071], "0.0017931": [1, 0.9717951901282609, 0.9723647407157219, 0.9675023348793341, 0.9694925301681416, 0.9723244694763147, 0.9722452580694458, 0.9717088115100572, 0.9546868493815321, 0.9720333560674468, 0.965827872293894, 0.9724314021230467, 0.9694699215221247, 0.9724807362346739, 0.9724505654749738, 0.9658141954072763, 0.9627993366866405, 0.9721374995326526, 0.9711289927238673, 0.9038039494185024], "0.001931": [1, 0.9824931274194397, 0.9828077532604098, 0.9797296498815284, 0.9810566068694839, 0.9827866710360915, 0.9827451025129026, 0.9824432937127534, 0.9704469577656543, 0.9826290662103823, 0.9785705658448038, 0.9828407229117548, 0.9810424803082247, 0.9828621157039406, 0.9828494012263003, 0.9785727414025127, 0.9764148534745938, 0.982688476852998, 0.9821074770650811, 0.9290898482238061], "0.002069": [1, 0.9891511913218998, 0.9893238671166722, 0.9873855342707465, 0.9882617118129011, 0.9893129910603482, 0.9892912876912263, 0.9891226741891277, 0.9807219006399328, 0.9892282568155264, 0.9865905020279087, 0.9893400158692802, 0.9882527458112129, 0.9893492895115845, 0.9893439407684952, 0.9865976980958975, 0.9850729282556392, 0.9892617336402987, 0.9889287515632934, 0.9474863447818322], "0.0022069": [1, 0.9932789426512016, 0.9933733361995922, 0.9921560695903382, 0.9927308433408528, 0.993367779335024, 0.9933564898034084, 0.9932626969810934, 0.9874024611919896, 0.993322421786297, 0.9916145402286365, 0.9933811962834684, 0.992725115128454, 0.9933852215840902, 0.9933829710375115, 0.9916222587264822, 0.9905545156902791, 0.9933411124708822, 0.9931508544697447, 0.960909772620798], "0.0023448": [1, 0.9958371189066275, 0.9958885491758827, 0.9951255652556152, 0.9955006912446884, 0.9958857313379839, 0.9958798809707674, 0.9958278948700496, 0.9917513478727547, 0.9958615421682666, 0.99475891275501, 0.9958923549421623, 0.9954970283891356, 0.9958941035879578, 0.9958931567253948, 0.994765546306736, 0.9940230732180684, 0.9958718953190071, 0.9957634654699248, 0.9707656129219129], "0.0024828": [1, 0.9974225262205441, 0.997450464172329, 0.9969729509761696, 0.9972167220881152, 0.9974490442501569, 0.9974460242978882, 0.997417304087445, 0.9945877951292399, 0.9974361886909664, 0.9967260160442644, 0.9974522982832561, 0.9972143848094333, 0.9974530580646146, 0.997452659915316, 0.9967311959357668, 0.9962178684753, 0.9974418833416345, 0.9973802357618189, 0.9780476907090327],