{"0.0": [-0.09966799462495657, -0.09966799462495657, -0.09966799462495657, -0.09966799462495657, -0.09966799462495657, -0.09966799462495657, 1, -0.09966799462495657, -0.09966799462495657, -0.09966799462495657, -0.09966799462495657, -0.09966799462495657, -0.09966799462495657, -0.09966799462495657, -0.09966799462495657, -0.09966799462495657, -0.09966799462495657, -0.09966799462495657, -0.09966799462495657, -0.09966799462495657], "0.0001379": [-0.10816990399669324, -0.08212817463757105, -0.04321251225653189, -0.11567056951524668, -0.10687915687522542, -0.04160358717813306, 1, -0.1279858650390555, -0.11464001087574927, -0.13324641584053953, -0.12631896855176894, -0.13018527111102718, -0.12797148212176523, -0.1734518288175888, -0.14655259289282274, -0.11379181936505678, -0.11901737648043731, -0.13286597026607472, -0.12697409012100502, -0.11471560011013415], "0.0002759": [-0.12744451062969375, -0.07521910760621142, 0.004328007310806514, -0.14467856425468995, -0.13143498810292376, 0.0030636590114572204, 1, -0.17529889417958766, -0.14170236523464097, -0.18536990759469563, -0.16621113945159627, -0.1844995319933379, -0.17196458850969087, -0.24502319431780972, -0.20839907759478182, -0.14296616722364064, -0.1486616271746346, -0.18093565243040766, -0.17253764140479688, -0.1375808413178431], "0.0004138": [-0.1591581745226619, -0.08599283163009186, 0.023555084853873698, -0.1851841038527936, -0.17149652269318572, 0.01835005380317667, 1, -0.2330857287551763, -0.1807384497889689, -0.2478540886494658, -0.21692036262668013, -0.24777160525847797, -0.2262000728490846, -0.29790705256969374, -0.2722142693351949, -0.18594218184610867, -0.18958975218311036, -0.23926131285047403, -0.22953003552329654, -0.17048124207162507], "0.0005517": [-0.1680210906819649, -0.08787538073450674, 0.024231258749481954, -0.196398509888555, -0.1827427144533479, 0.018981816709155552, 1, -0.24180981989620776, -0.1957623863539223, -0.2574572724363354, -0.23228910641282008, -0.2502435463450927, -0.23857913065310477, -0.27212161931544254, -0.26879111575328474, -0.19951657412989843, -0.20436299751148068, -0.2493588157074773, -0.24199474196165305, -0.1890681858810488], "0.0006897": [-0.06435742508594344, 0.008560341744511923, 0.094622639323656, -0.08719071082981344, -0.0707425154278738, 0.09349834813734237, 1, -0.10261046797032414, -0.10205286687110571, -0.11210242668221027, -0.11787071010525196, -0.09484922900434534, -0.11240265105817082, -0.09425210078236346, -0.10417589194097998, -0.09120552950593108, -0.10266391978578271, -0.10789273020359813, -0.11013419905438504, -0.12322819525038875], "0.0008276": [0.17365981528883756, 0.23428100727484202, 0.28767011020407196, 0.15857808089294578, 0.17755285370943885, 0.28934673287341917, 1, 0.1752424286655938, 0.12266139243489516, 0.17355767607791983, 0.13660457288870131, 0.19335082140806348, 0.15407340838155426, 0.2004631456057948, 0.19066076924849296, 0.15330226298119398, 0.1362156661887739, 0.1754955566701688, 0.1633975244827084, 0.05843954240071669], "0.0009655": [0.45008518357501837, 0.4976503678196307, 0.5271057083624002, 0.44090571900904685, 0.45898967591770345, 0.5288201081430788, 1, 0.4718978517391488, 0.39188141857039915, 0.4743167007024105, 0.4258127089807531, 0.4898960852580794, 0.4482110632511107, 0.49556562618734556, 0.48981329798867024, 0.43425071341687493, 0.4162635964807333, 0.47569837522513714, 0.4606748549429842, 0.2933957447369093], "0.0011034": [0.6730196185426762, 0.7080425177875638, 0.723541277729213, 0.6675222822371627, 0.6822585081976849, 0.7244342115884728, 1, 0.6979022327531879, 0.6173392503327859, 0.7010519687950927, 0.6569604217535729, 0.7110641751999109, 0.677932823846578, 0.7142269210585372, 0.7114845628189386, 0.6606187995947648, 0.6449235052087274, 0.7021795753144471, 0.6895805026101423, 0.5046362461688059], "0.0012414": [0.8182869279201805, 0.8426708659680666, 0.8507657732907201, 0.8149535948983475, 0.8258518786038125, 0.8510729922956342, 1, 0.8387946330383802, 0.7711268647958041, 0.8413053958285939, 0.8074323131192438, 0.8470854001661556, 0.8242418975563701, 0.8486070424874941, 0.8474157045036197, 0.8088741355509284, 0.7964516705306577, 0.8421304007971913, 0.8333653347021188, 0.6607561764124299], "0.0013793": [0.9022671209249478, 0.9185985887035342, 0.9228676362891917, 0.9002019720715904, 0.9078368635481908, 0.9229198911129812, 1, 0.917078840412465, 0.8651386128592282, 0.918762385778199, 0.894830439305939, 0.9219256635534792, 0.9072518882548917, 0.9226107852192991, 0.9221123544763141, 0.8953751369128466, 0.8860321878322699, 0.9193066814852919, 0.9137600336091187, 0.765971641826031], "0.0015172": [0.9480760452490629, 0.9587486525131941, 0.9610257291389814, 0.9467712549383078, 0.9519621994083378, 0.9610009716281274, 1, 0.9581171784720321, 0.9200574351700381, 0.9591591346150408, 0.9429600806429292, 0.9608459993744374, 0.9517450973288071, 0.9611455919149912, 0.9609397048811592, 0.9431684583793527, 0.936338748983436, 0.959495414856457, 0.9561536363268659, 0.8352092584492965], "0.0016552": [0.9724434573295297, 0.9793116808305524, 0.9805361007722351, 0.9716069568984573, 0.975076006764837, 0.9805016519376382, 1, 0.9790298870426166, 0.9518218912467931, 0.9796486247533158, 0.9689293820010605, 0.980536909215977, 0.9749897426207144, 0.9806663493042418, 0.9805815014899846, 0.9690162250207204, 0.9641105487853032, 0.9798482256654939, 0.9778869679639872, 0.8813089884404546], "0.0017931": [0.9852850191488225, 0.9896653524135117, 0.990327450630643, 0.984743091020692, 0.9870386488715015, 0.9903013312770079, 1, 0.9895305206418483, 0.9703320149779529, 0.9898899252840097, 0.9828795388316456, 0.9903553045980764, 0.9870003247343924, 0.9904110824714563, 0.9903760057598268, 0.9829221630644507, 0.9794383821604891, 0.9900055277547728, 0.9888700265329997, 0.9127812748501518], "0.001931": [0.992069847447556, 0.9948467445433546, 0.9952057074181873, 0.9917165303951492, 0.9932255413502313, 0.995189208416787, 1, 0.9947785014069326, 0.9813325874926433, 0.9949845469013048, 0.9904307494616169, 0.9952277371851714, 0.9932062204404688, 0.9952517794613862, 0.9952372259732118, 0.9904558815628548, 0.9880028417654667, 0.9950503904483488, 0.9943981403916338, 0.9349288122849946], "0.002069": [0.9956804593271158, 0.9974330968906993, 0.9976278120007798, 0.9954493656660324, 0.9964363620712651, 0.9976182736012122, 1, 0.9973971461623521, 0.9880240478970657, 0.9975142510753496, 0.9945691193140815, 0.9976411135460632, 0.9964255315102797, 0.9976514868458004, 0.9976454313485152, 0.9945859766850091, 0.9928706289802922, 0.9975512886251185, 0.9971785414105179, 0.9509357496772379], "0.0022069": [0.9976174025552118, 0.9987206957506476, 0.99882636018396, 0.9974659636760095, 0.9981093755566242, 0.9988211164846341, 1, 0.9987012345542552, 0.9921834419184421, 0.9987674433939813, 0.9968670497831762, 0.9988336057614184, 0.9981028679110202, 0.9988380927053395, 0.9988355641266067, 0.9968790483227321, 0.9956857588411587, 0.9987880939724672, 0.998575635257005, 0.9627261708774004], "0.0023448": [0.9986692346115591, 0.9993622129558017, 0.9994195198479299, 0.9985699650036692, 0.9989881376131193, 0.9994167279220434, 1, 0.999351502032563, 0.9948273054401242, 0.9993887797715051, 0.998164703850499, 0.9994232673183521, 0.9989840837317718, 0.9994252116161726, 0.9994241533400943, 0.998173371731899, 0.99734705468514, 0.9994002081814839, 0.9992793649767111, 0.9715477423852616], "0.0024828": [0.9992477112431064, 0.9996820530691684, 0.9997130930174047, 0.9991826941228494, 0.9994536846662985, 0.9997116386896965, 1, 0.9996761028571577, 0.9965404030026968, 0.9996970136637711, 0.9989098408985504, 0.9997149737971556, 0.999451121071955, 0.999715817084559, 0.9997153736796749, 0.9989160718443717, 0.998346278187159, 0.9997032964962482, 0.9996346987010241, 0.9782197062923237],