{"0.0": [1, -0.9999092042625951, -0.9999092042625951, -0.9999092042625951, -0.9999092042625951, -0.9999092042625951, -0.9999092042625951, -0.9999092042625951, -0.9999092042625951, -0.9999092042625951, -0.9999092042625951, -0.9999092042625951, -0.9999092042625951, -0.9999092042625951, -0.9999092042625951, -0.9999092042625951, -0.9999092042625951, -0.9999092042625951, -0.9999092042625951, -0.9999092042625951], "0.0001379": [1, -0.9999502866546369, -0.9999538538800615, -0.9999405257955546, -0.9999434374233609, -0.9999525504875755, -0.9999518516557788, -0.9999485428850433, -0.9999359103005585, -0.9999485569043767, -0.9999403779918934, -0.9999596316696128, -0.9999440580171868, -0.9999780791903464, -0.9999584339273653, -0.9999418397448191, -0.9999379795229985, -0.9999492893243239, -0.9999481296146864, -0.9999275414896227], "0.0002759": [1, -0.9999727955698585, -0.9999765612952637, -0.9999610575792528, -0.9999647788194774, -0.999975217915309, -0.9999744822255795, -0.9999708527023822, -0.9999547756672797, -0.9999708686150913, -0.9999608636972308, -0.9999820654015664, -0.9999655478048489, -0.9999947146133881, -0.9999809848818723, -0.9999627600190719, -0.9999576500958566, -0.9999716926007537, -0.9999703823767161, -0.9999421872816288], "0.0004138": [1, -0.9999851079522135, -0.999988090394586, -0.9999744952330125, -0.999978062104347, -0.9999870519898045, -0.9999864712171417, -0.9999834845330247, -0.9999680815549989, -0.9999834980915816, -0.9999743045434922, -0.9999920284630808, -0.9999787765939516, -0.9999987246037914, -0.9999912973724259, -0.999976149242686, -0.9999710756763427, -0.99998419324282, -0.9999830831918176, -0.9999538668982615], "0.0005517": [1, -0.9999918486203057, -0.9999939491320079, -0.9999832970615873, -0.9999863366903553, -0.999993235636078, -0.9999928281079, -0.9999906427665509, -0.9999774737404327, -0.9999906530315343, -0.9999831303473287, -0.9999964572426266, -0.9999869267814054, -0.999999692302972, -0.9999960175342317, -0.9999847255119544, -0.9999802462444418, -0.9999911743221569, -0.9999903383601741, -0.9999631881656572], "0.0006897": [1, -0.999995540549931, -0.9999969275616252, -0.9999890653451032, -0.9999914937395665, -0.9999964681131653, -0.9999962001194334, -0.9999947010426692, -0.9999841070231493, -0.9999947083217597, -0.9999889287251696, -0.999998426611186, -0.9999919505228336, -0.9999999258575092, -0.9999981787907215, -0.9999902216959096, -0.9999865137050928, -0.9999950746860664, -0.9999944846593337, -0.9999706318041219], "0.0008276": [1, -0.9999975594643052, -0.9999984392932583, -0.9999928398023656, -0.999994702853086, -0.9999981551877333, -0.9999979859604889, -0.9999969982248117, -0.9999887847204634, -0.9999970031784268, -0.9999927323115899, -0.9999993009027692, -0.9999950423457651, -0.9999999821197343, -0.9999991667657544, -0.9999937385641937, -0.9999907905698132, -0.9999972504085385, -0.9999968505378254, -0.9999765671829238], "0.0009655": [1, -0.9999986644717296, -0.9999992072812804, -0.999995311655442, -0.9999967014961034, -0.999999036484048, -0.9999989325973069, -0.9999982996749777, -0.999992086037017, -0.9999983029509522, -0.9999952294355653, -0.9999996894076196, -0.9999969467962607, -0.9999999956888178, -0.9999996188219329, -0.9999959908007687, -0.9999937114569868, -0.9999984651442094, -0.9999982016805063, -0.9999813035929086], "0.0011034": [1, -0.9999992692226037, -0.9999995973972948, -0.9999969303512557, -0.9999979461737896, -0.9999994968157672, -0.9999994343458991, -0.9999990369433679, -0.9999944158505037, -0.9999990390649396, -0.9999968687475841, -0.9999998620264797, -0.99999811978987, -0.9999999989607155, -0.9999998256418395, -0.9999974330660134, -0.9999957061732503, -0.9999991432931662, -0.9999989732521275, -0.9999850831112602], "0.0012414": [1, -0.9999996003394698, -0.9999997956472004, -0.9999979909113348, -0.9999987216997837, -0.9999997373654499, -0.9999997004041, -0.9999994547963758, -0.9999960609695236, -0.9999994561480755, -0.9999979454883328, -0.9999999387513119, -0.9999988426217069, -0.9999999997497696, -0.9999999202989933, -0.9999983571244534, -0.9999970691336696, -0.9999995220544036, -0.9999994140632237, -0.9999881009128031], "0.0013793": [1, -0.9999997813490606, -0.9999998962334046, -0.9999986847219355, -0.9999992041651604, -0.9999998628668059, -0.9999998412612254, -0.9999996912473126, -0.9999972208589623, -0.9999996920979838, -0.9999986516377615, -0.9999999727977374, -0.9999992873635883, -0.9999999999397011, -0.999999963551041, -0.9999989482599752, -0.9999979990102628, -0.9999997332689514, -0.9999996655118458, -0.9999905069316963], "0.0015172": [1, -0.9999998803878194, -0.9999999473141298, -0.9999991389850293, -0.9999995045672544, -0.999999928403044, -0.9999999159007077, -0.9999998251648354, -0.9999980393009366, -0.9999998256947547, -0.999999115130229, -0.9999999879200586, -0.9999995612352832, -0.9999999999854724, -0.9999999833329087, -0.999999326735903, -0.9999986339365473, -0.999999851155132, -0.9999998090686589, -0.9999924266855397], "0.0016552": [1, -0.9999999346006574, -0.9999999732652092, -0.9999994365634681, -0.9999996917033392, -0.9999999626403342, -0.9999999554688774, -0.9999999010459255, -0.9999986171326981, -0.9999999013731481, -0.9999994195106667, -0.9999999946393133, -0.9999997299690196, -0.9999999999965042, -0.999999992383748, -0.9999995691805553, -0.9999990677040708, -0.9999999169813719, -0.9999998910659734, -0.9999939593923793], "0.0017931": [1, -0.9999999642294813, -0.9999999864283582, -0.9999996312030105, -0.9999998081005033, -0.9999999804980866, -0.9999999764116775, -0.9999999439747695, -0.9999990244735932, -0.9999999441754716, -0.9999996190951018, -0.9999999976199662, -0.9999998337662481, -0.9999999999991581, -0.9999999965180505, -0.9999997242478509, -0.9999993635943158, -0.9999999536802643, -0.9999999378282738, -0.9999951812672911], "0.001931": [1, -0.9999999804367524, -0.999999993111139, -0.9999997586183014, -0.9999998805598184, -0.9999999898208256, -0.9999999875062602, -0.9999999682824555, -0.9999993118602769, -0.9999999684048154, -0.9999997500727437, -0.9999999989434325, -0.9999998976716997, -0.9999999999997973, -0.9999999984083162, -0.9999998235117583, -0.9999995655983934, -0.9999999741582648, -0.9999999645195832, -0.9999961561054803], "0.002069": [1, -0.9999999893062407, -0.9999999965053131, -0.9999998420708178, -0.999999925689651, -0.9999999946898825, -0.999999993386222, -0.9999999820525745, -0.9999995147300891, -0.9999999821267577, -0.9999998360721709, -0.9999999995312872, -0.9999999370362779, -0.9999999999999513, -0.9999999992728941, -0.9999998870866416, -0.9999997035812946, -0.9999999855901821, -0.9999999797616916, -0.9999969343307271], "0.0022069": [1, -0.9999999941524528, -0.9999999982264557, -0.9999998966457084, -0.9999999537545453, -0.9999999972288406, -0.9999999964975751, -0.9999999898410262, -0.9999996577219308, -0.9999999898858136, -0.999999892452779, -0.9999999997919711, -0.9999999612466947, -0.9999999999999882, -0.999999999667694, -0.9999999277415477, -0.9999997976900938, -0.9999999919620715, -0.999999988452107, -0.9999975546741463], "0.0023448": [1, -0.9999999968027186, -0.9999999991000152, -0.9999999323653554, -0.9999999712220164, -0.9999999985539614, -0.9999999981454013, -0.9999999942500589, -0.99999975859079, -0.999999994276991, -0.9999999294462, -0.9999999999076808, -0.9999999761494721, -0.9999999999999972, -0.9999999998481441, -0.9999999537613434, -0.999999861927951, -0.999999995516731, -0.9999999934113316, -0.9999980495510467], "0.0024828": [1, -0.9999999982527237, -0.9999999995435703, -0.9999999557563555, -0.9999999820991445, -0.9999999992458558, -0.9999999990184947, -0.9999999967471539, -0.9999998297850644, -0.9999999967632857, -0.9999999537317005, -0.9999999999590593, -0.999999985327463, -0.9999999999999993, -0.9999999999306524, -0.9999999704229849, -0.9999999057999521, -0.999999997500653, -0.9999999962426458, -0.9999984445802127],