{"0.0": [-0.46211715726001057, -0.46211715726001057, -0.46211715726001057, -0.46211715726001057, -0.46211715726001057, -0.46211715726001057, 1, -0.46211715726001057, -0.46211715726001057, -0.46211715726001057, -0.46211715726001057, -0.46211715726001057, -0.46211715726001057, -0.46211715726001057, -0.46211715726001057, -0.46211715726001057, -0.46211715726001057, -0.46211715726001057, -0.46211715726001057, -0.46211715726001057], "0.0001379": [-0.5453086007703929, -0.541621540662802, -0.5200440176671577, -0.5517554798475721, -0.5478683977824386, -0.516248954697451, 1, -0.583336572367821, -0.5354259727148081, -0.5916648838456626, -0.5583541154870773, -0.6128898804985268, -0.569034674924408, -0.7234621317969572, -0.630536987786176, -0.5459817691856828, -0.5465185670949338, -0.5939395428752997, -0.5759876811098317, -0.5188477363399135], "0.0002759": [-0.6517066211744317, -0.6501037757044783, -0.6127799461260979, -0.6634664491606196, -0.6594756447160428, -0.6087183561207266, 1, -0.722404743523004, -0.6304085361079604, -0.734694621503911, -0.6743445402574402, -0.7726756461197873, -0.6952009400464529, -0.8981895177077613, -0.7941247795449943, -0.6536873718533139, -0.6513688005394679, -0.736731511478556, -0.7079295279714449, -0.5930681017704416], "0.0004138": [-0.754649690403113, -0.7561974963988765, -0.7160848196614349, -0.7677056899041128, -0.7648180511172686, -0.7103268646094139, 1, -0.8363252942026026, -0.7250776928239488, -0.8498278628676156, -0.7807538861009264, -0.8870283796318199, -0.8051864370847759, -0.972865561446262, -0.9053337202324079, -0.7566641695520013, -0.7532264674090681, -0.8521449883618695, -0.820022217942672, -0.6727441549335402], "0.0005517": [-0.8351945771931616, -0.8389230052320187, -0.8047820029089783, -0.8467330402667229, -0.844537084541677, -0.79646776273863, 1, -0.9092547274617211, -0.802577002193732, -0.921383874872845, -0.8594272742875256, -0.9483757593556441, -0.881808405473328, -0.9942271129822733, -0.9611466127737831, -0.8359430165840995, -0.8334681022866528, -0.9240106717961198, -0.8955345401987764, -0.744295530514514], "0.0006897": [-0.8915707947834852, -0.8963718144157905, -0.870623536233289, -0.9007630530945374, -0.8988573099577422, -0.8607972084336035, 1, -0.9506556783665753, -0.8601623613606357, -0.9600221613407144, -0.9114913200689627, -0.9769504160452158, -0.9295925920335025, -0.9989050715374729, -0.9847187146152838, -0.8909405904164654, -0.8898342621849222, -0.9624070126787222, -0.9407193966146733, -0.8025678180090392], "0.0008276": [-0.9291385941343825, -0.9341213966044021, -0.9158891319199487, -0.9361215824639014, -0.9344223831574885, -0.906026712004258, 1, -0.9731886217362758, -0.9013264496631066, -0.9797433387089935, -0.9444597630426558, -0.9896758788589481, -0.9581700169579865, -0.9997968483774999, -0.9940096935527017, -0.927663814236011, -0.9275024236078021, -0.9815648042347359, -0.9665132328275241, -0.8480760336204533], "0.0009655": [-0.9537364778152184, -0.9583145934449436, -0.9458268673840152, -0.958913324522516, -0.9574548332340214, -0.9369338668896514, 1, -0.9853671254247397, -0.9304052315633485, -0.9896829552597758, -0.965093059808095, -0.9953318405882231, -0.9750920697608706, -0.9999582013902302, -0.9976262704448962, -0.9519657905396512, -0.952273877603178, -0.99093188883982, -0.9810546696327721, -0.8831540352861905], "0.0011034": [-0.9697486223651172, -0.973635035675395, -0.9652261988401607, -0.9735319723499177, -0.9723391171664718, -0.9577453411029926, 1, -0.9919674579755562, -0.9508738955625199, -0.9947035598052344, -0.9779904776724321, -0.9978661787255511, -0.9851110736768295, -0.9999858181471366, -0.9990434012313612, -0.96803457246453, -0.9685025950069748, -0.9955051275496938, -0.9892417686550563, -0.910095641867274], "0.0012414": [-0.980174415849032, -0.9832998862906669, -0.9776844705502818, -0.9829124674943083, -0.9819759577581734, -0.971676655323251, 1, -0.9955654627958576, -0.9652885559167929, -0.9972576953350651, -0.9860782707525731, -0.9990117807026895, -0.9910657630990416, -0.9999875123792986, -0.999603955785658, -0.9786857652954434, -0.9791552894071692, -0.9977509233825368, -0.993865994531857, -0.930800183480127], "0.0013793": [-0.9869640571174206, -0.9893844568578695, -0.9856448172159309, -0.988932084070327, -0.9882191550394063, -0.9809701066519197, 1, -0.9975318380496285, -0.9754340249532192, -0.9985617104087666, -0.9911588258135092, -0.9995292429880891, -0.9946116446324034, -0.99998108618051, -0.9998235941817595, -0.9857510636914043, -0.986157153928828, -0.9988570588306359, -0.9964810969714417, -0.946700974845775], "0.0015172": [-0.9913958733472965, -0.9932196909639465, -0.9907302512739701, -0.9928023795349112, -0.9922720169490984, -0.9871739938933309, 1, -0.9986056723231298, -0.982585537166487, -0.9992251363883907, -0.9943584532867988, -0.9997564389319203, -0.9967268307935595, -0.9999666551917842, -0.9999015196759081, -0.9904472502508197, -0.9907732648054556, -0.9993986474807016, -0.9979600632708767, -0.9589292636872078], "0.0016552": [-0.994285891056843, -0.9956323101377399, -0.9939740891594304, -0.995285964998189, -0.9948982234442005, -0.9913136651087209, 1, -0.9991800701659799, -0.9876250502098105, -0.9995492818389456, -0.9963679028788229, -0.9998398328233196, -0.9979798663326737, -0.9999379477780534, -0.9999108680171508, -0.9935646359920931, -0.9938153082576229, -0.9996497693833928, -0.9987854160112881, -0.9683356754221867], "0.0017931": [-0.9961472598887984, -0.9971262653959886, -0.9960197605274228, -0.9968554759506574, -0.9965755802663306, -0.9940538259928725, 1, -0.999458241791325, -0.9911520716725996, -0.9996768720966721, -0.9976050918649402, -0.999835316764905, -0.9986956409815044, -0.9998812696172934, -0.999869952891808, -0.9956096044779597, -0.9957973263122378, -0.9997344785974384, -0.9992178447013718, -0.9755436145497545], "0.001931": [-0.9972991295199417, -0.9980024657216184, -0.9972629133532065, -0.9977987284384845, -0.997598652939729, -0.9958242116346872, 1, -0.999532365935621, -0.9935784698799345, -0.9996611017022684, -0.9983164399928828, -0.999747246277371, -0.9990501849870268, -0.9997688161610174, -0.9997640709168427, -0.9969042323891156, -0.9970424556408192, -0.999693848783671, -0.9993864251621081, -0.9810316921756822], "0.002069": [-0.9979102038555391, -0.9984104771609804, -0.9979155678489964, -0.998261309363558, -0.9981193766915404, -0.9968710723468301, 1, -0.9994122466616854, -0.9951555642822483, -0.9994876553737947, -0.9986177846497439, -0.9995343342990864, -0.9991088302572052, -0.9995444696010857, -0.9995424765446042, -0.9976235451162017, -0.9977242432401346, -0.999506132944103, -0.9993239579285644, -0.9851301569747922], "0.0022069": [-0.9980138100358347, -0.9983668151078393, -0.9980350865872631, -0.9982598266957601, -0.998159642299337, -0.9972814144310272, 1, -0.9990220198446181, -0.9959847078950376, -0.9990660153045987, -0.998504789983144, -0.9990912437625753, -0.9988318623593209, -0.9990960136405042, -0.999095175008605, -0.9978076367998105, -0.9978806385522802, -0.9990763812703812, -0.998968757986644, -0.9880168120164938], "0.0023448": [-0.9974803949636427, -0.997727625314053, -0.9975050475344527, -0.9976522667769665, -0.997581764664281, -0.9969641475621147, 1, -0.9981555624601286, -0.9959936476006962, -0.9981811199945544, -0.9978203266066091, -0.9981947073189826, -0.9980369589580358, -0.998196953044251, -0.998196600234094, -0.9973333696301158, -0.9973863213844415, -0.9981869009803561, -0.9981235462502931, -0.989698240648544], "0.0024828": [-0.995916310134105, -0.9960881019248206, -0.9959387125737239, -0.9960360235432406, -0.9959864321304478, -0.995552470850362, 1, -0.9963670994193213, -0.9948338740778695, -0.9963818691581177, -0.9961512250410266, -0.9963891492591135, -0.9962936066714673, -0.9963902055931843, -0.9963900576051382, -0.9958124133962132, -0.9958511354405567, -0.9963850710947245, -0.9963479508639167, -0.9898977609949402],