{"0.0": [-0.049958374957881135, -0.049958374957881135, -0.049958374957881135, -0.049958374957881135, -0.049958374957881135, -0.049958374957881135, -0.049958374957881135, 1, -0.049958374957881135, -0.049958374957881135, -0.049958374957881135, -0.049958374957881135, -0.049958374957881135, -0.049958374957881135, -0.049958374957881135, -0.049958374957881135, -0.049958374957881135, -0.049958374957881135, -0.049958374957881135, -0.049958374957881135], "0.0001379": [-0.0484201801892814, -0.053373039532385036, -0.058557971297513944, -0.05248836782338284, -0.05071891053380195, -0.06309053085914829, -0.05804864027611878, 1, -0.04296731512411278, -0.03773584323272994, -0.04233452789938419, -0.039914335416950886, -0.04404952594565592, -0.0193519592599789, -0.03332569368941585, -0.051692530812078474, -0.04539814570457934, -0.043838690097431354, -0.051593738359544394, -0.046599510030197466], "0.0002759": [-0.03852476702943286, -0.04579991696116159, -0.056638660996547796, -0.04497304745181696, -0.04063620842073945, -0.06264584201014523, -0.05836348949743675, 1, -0.029224227436368766, -0.014493058638195722, -0.02623690265743095, -0.012608682974233676, -0.027397582931735776, 0.022624903874201685, -0.0037714551602056057, -0.043817690211747196, -0.034176621855694145, -0.027456419691443523, -0.04065080549140132, -0.039463694613767863], "0.0004138": [0.0027815910673634203, 0.001996556448694342, -0.009225685110956117, -0.004718941116741426, 0.003752955812794223, -0.01377072501937504, -0.015545840792226873, 1, 0.008565605767938855, 0.043525904492608625, 0.018503876444539324, 0.056569436022090525, 0.02176148949974599, 0.09996359408334432, 0.06479214116513066, -0.00402126477262843, 0.004023501145521635, 0.02588958522008533, 0.007133657241378044, -0.015417083460991243], "0.0005517": [0.13046822077398912, 0.15236028701385607, 0.15274390209654443, 0.12205067715205509, 0.13684517089245163, 0.15068429532530137, 0.14182481292325133, 1, 0.11471051621181427, 0.18819872092953616, 0.14016748319105488, 0.21591378944704265, 0.1537904191169821, 0.25740477841254883, 0.22240068481571185, 0.11984875024914499, 0.1196402879041838, 0.17338179869836923, 0.14658470597086515, 0.06239158014452961], "0.0006897": [0.3543203546428981, 0.4004894404758874, 0.41529590029957086, 0.3452966833219582, 0.36555220646965214, 0.4139549305221353, 0.4040203723598199, 1, 0.3067057295374864, 0.42016775792636274, 0.35102356025770654, 0.45286529113120966, 0.37602620261393715, 0.4819542197789286, 0.4575899739464049, 0.33855225535083333, 0.32813387348061873, 0.41367552389468565, 0.3816648736260122, 0.21659029689098963], "0.0008276": [0.5784668380494757, 0.630129422741464, 0.6484039291058092, 0.5705159413523986, 0.5914845143385556, 0.6469247291083002, 0.6401461604494947, 1, 0.5133064728629093, 0.6394199536594358, 0.5672473271289493, 0.6652662164601022, 0.5964140147157839, 0.6811678427655716, 0.6683028562143514, 0.5612327417125942, 0.5455662058458144, 0.6384072632362581, 0.6096513340566696, 0.3963953062111878], "0.0009655": [0.743444628196253, 0.7870712822741059, 0.801526780058774, 0.7375099766211659, 0.755479356730578, 0.8002638864848526, 0.7964214110986712, 1, 0.6781825681560489, 0.7920652101186061, 0.730882725443001, 0.8086458194309107, 0.7575462465054434, 0.8162443941449289, 0.8103492911220382, 0.7282374203706499, 0.7122855871907579, 0.7928397294519967, 0.7716437748330298, 0.5526297224659662], "0.0011034": [0.849428624808426, 0.8816803745709882, 0.8912204673981334, 0.8453700280762928, 0.8591593714699821, 0.8903608747640799, 0.8883066162376507, 1, 0.7930469781484717, 0.8846984468323267, 0.8385545609007601, 0.8943111438815261, 0.8599718798458247, 0.8977153806496305, 0.8951811533812168, 0.8374334053769013, 0.8236413534953553, 0.8856750329792913, 0.8716948165835288, 0.6723917938562203], "0.0012414": [0.9132106325142826, 0.9354764535311746, 0.9412497132812614, 0.9105373772183822, 0.9204620341611613, 0.9407336495278862, 0.9396536196417571, 1, 0.8681647347886878, 0.9373483582406177, 0.9047573877346087, 0.9426462018261654, 0.9207587991914159, 0.9441263921086847, 0.9430666096683482, 0.9042976561168425, 0.8933374967776593, 0.9381013679315227, 0.9294319874981232, 0.7597219863847879], "0.0013793": [0.9502962544756497, 0.9651101658409953, 0.9684524004417852, 0.9485558773228986, 0.9554381901383351, 0.9681629723503853, 0.9675970072119271, 1, 0.9158653561734957, 0.9662557668765135, 0.9440704263257842, 0.9691033504890028, 0.955533185370943, 0.9697398034099478, 0.9693005765405813, 0.9438929375286702, 0.9355895350259764, 0.9667543439496995, 0.9615584002286401, 0.8223893712457675], "0.0015172": [0.9715590969779369, 0.9812063159821836, 0.9830943238765757, 0.9704271662646955, 0.9750935035410313, 0.9829382263987752, 0.9826419087634253, 1, 0.9459383193378124, 0.9818929276010804, 0.967112682392854, 0.9834034744771694, 0.9751142907919679, 0.9836762466572215, 0.9834945212426616, 0.9670538706802236, 0.9609449701043205, 0.9822004502203685, 0.979147423176228, 0.8675392162026334], "0.0016552": [0.9836943037832189, 0.9898940435140633, 0.9909450711572338, 0.9829563256711149, 0.9860750058940211, 0.9908628862893203, 0.9907079561891825, 1, 0.9649570102753469, 0.9902979436357409, 0.9805798945217015, 0.9910932902680585, 0.986071504468603, 0.9912101958778017, 0.991134939033534, 0.9805691587157617, 0.97616095093892, 0.9904802433494542, 0.9887081527933066, 0.9004303738874568], "0.0017931": [0.9906107813622769, 0.9945635898158389, 0.9951438425009544, 0.9901279835764578, 0.99219365301695, 0.995101203527184, 0.9950202829517152, 1, 0.9770612737344668, 0.9947979142891019, 0.9884569476575125, 0.9952152689601168, 0.992184375680357, 0.9952655120381566, 0.9952342432903323, 0.9884638701985113, 0.9853239891912442, 0.9949034132487276, 0.9938819846449762, 0.9246474732775625], "0.001931": [0.9945679044012854, 0.9970742175184775, 0.9973927381029732, 0.9942513146063532, 0.9956106647744816, 0.9973708443698719, 0.9973286681177997, 1, 0.9848492360161731, 0.9972087004017731, 0.9930923616071323, 0.9974272079049464, 0.9956017853017294, 0.9974488567017994, 0.9974358287329126, 0.9931041548846105, 0.9908892229179169, 0.9972687496699344, 0.996682844239837, 0.942691318068682], "0.002069": [0.9968427380545277, 0.9984251400845718, 0.9985992123988356, 0.9966349438299968, 0.9975248963957732, 0.998588060692422, 0.9985661433839657, 1, 0.9899154411484312, 0.9985016551613566, 0.9958394748529806, 0.9986158334205304, 0.9975179937497636, 0.9986251787985261, 0.9986197407907782, 0.9958510748575524, 0.9943005785471255, 0.998535409894713, 0.9982005905825748, 0.9562659602100174], "0.0022069": [0.9981549088548367, 0.9991514034431537, 0.9992462929395465, 0.9980184457347712, 0.998599042274344, 0.9992406429318537, 0.9992292786392445, 1, 0.9932389730885258, 0.9991946747883886, 0.9974765503546086, 0.9992543018668669, 0.9985941261261284, 0.9992583472286587, 0.9992560712686847, 0.9974862570144456, 0.9964070063742634, 0.9992134808621163, 0.999022540825383, 0.9665341257863256], "0.0023448": [0.9989163888649106, 0.9995424957027932, 0.9995941007115743, 0.9988268146100026, 0.9992043891139508, 0.9995912515442034, 0.9995853752356842, 1, 0.9954407298624033, 0.9995668407281217, 0.9984599411969006, 0.9995979533853399, 0.9992010459594471, 0.999599707629119, 0.9995987535364519, 0.9984674617393123, 0.9977198778815395, 0.9995772402899137, 0.9994685590857308, 0.9743470134045484], "0.0024828": [0.9993608052886884, 0.9997533448188665, 0.9997813439085754, 0.9993020867087148, 0.9995468824226152, 0.9997799134948298, 0.9997768846030115, 1, 0.9969115278053469, 0.999766977942605, 0.999055034559402, 0.9997831927858243, 0.9995446709671094, 0.9997839541250828, 0.9997835539217317, 0.9990606061008511, 0.9985450236109741, 0.9997726908282853, 0.9997109512118685, 0.9803168008933267],