{"0.0": [-0.46211715726001057, -0.46211715726001057, 1, -0.46211715726001057, -0.46211715726001057, -0.46211715726001057, -0.46211715726001057, -0.46211715726001057, -0.46211715726001057, -0.46211715726001057, -0.46211715726001057, -0.46211715726001057, -0.46211715726001057, -0.46211715726001057, -0.46211715726001057, -0.46211715726001057, -0.46211715726001057, -0.46211715726001057, -0.46211715726001057, -0.46211715726001057], "0.0001379": [-0.5409915782902038, -0.5297337951205161, 1, -0.5435428732764824, -0.5643269652751888, -0.5318007748911062, -0.505142874295257, -0.5824593534495366, -0.5370733749574065, -0.593857154604624, -0.5480483019822069, -0.6219301367399066, -0.5615151770474673, -0.6981964230437862, -0.6268628251228696, -0.5524748578697383, -0.5380071807852411, -0.5905825784431641, -0.5804631498297156, -0.5109130850523171], "0.0002759": [-0.6439885810323, -0.6289494032937306, 1, -0.649260874047885, -0.6861256827828046, -0.6326940346881916, -0.5809668904796699, -0.7206870837610537, -0.6333078830514849, -0.7376721938516113, -0.6570427430320538, -0.7838633808028306, -0.6830348683279224, -0.8764355441805851, -0.7895210245098471, -0.6644741889299434, -0.636410281377999, -0.7314785303135231, -0.7144059360234085, -0.5780132654230757], "0.0004138": [-0.7459052874064924, -0.7316783376510085, 1, -0.75168200809741, -0.7955074797869595, -0.7375677231815152, -0.6754086344494505, -0.8352235627293307, -0.7291593233563776, -0.8530087987908156, -0.7611932212057695, -0.8968103293787137, -0.7925926135549899, -0.96302620522633, -0.9021243817214176, -0.7696348011497757, -0.735394982221401, -0.8472245271198604, -0.8272449953732496, -0.6524405342367772], "0.0005517": [-0.826925885097878, -0.815378245299213, 1, -0.8315603249237546, -0.8738785014778322, -0.8230142408927908, -0.7638542947021658, -0.9088227742190335, -0.8071709745292185, -0.9240394011799933, -0.8408727394580668, -0.9552042669866788, -0.8708865633782057, -0.9911107434555966, -0.9593697515006491, -0.8488686341057919, -0.8157160229995065, -0.9203457156003854, -0.9020464585503221, -0.7209007626627744], "0.0006897": [-0.8844199775097396, -0.875971009734088, 1, -0.8876472025467285, -0.9238612552456652, -0.8842650992558335, -0.8341894528430478, -0.9505330934382031, -0.8646042768263157, -0.9618852279435384, -0.895525321905965, -0.9810776984777423, -0.9208965024412048, -0.9980818891272988, -0.9838010870095765, -0.9024053342958703, -0.8738764380758444, -0.9599708246589811, -0.945785567260033, -0.7780048437551307], "0.0008276": [-0.9233107532718805, -0.9175924191913177, 1, -0.9254452992736459, -0.9542868961170016, -0.925546294740959, -0.8856634964845084, -0.9731843772822306, -0.9052806698628083, -0.9809395590235126, -0.9315618470775446, -0.991983138778049, -0.9516182994278696, -0.9995948620118348, -0.9935499359076991, -0.9371612842903972, -0.9140644218952889, -0.9800542168231495, -0.9701399597463437, -0.8238359451596048], "0.0009655": [-0.949179837481753, -0.9455227116099488, 1, -0.9505780668091608, -0.9725477442860193, -0.9525372135423968, -0.9218506015524154, -0.9854027739321829, -0.9337615887438327, -0.9904172087759124, -0.9551080494063856, -0.9965675503317888, -0.9703435779239844, -0.9999082961162001, -0.9974003490571527, -0.9595033437834645, -0.9414373633144124, -0.990035574028938, -0.9835291043198832, -0.8602384788884296], "0.0011034": [-0.9662842480971394, -0.96403725592758, 1, -0.9672076715087226, -0.9834686756177301, -0.9698783247537012, -0.9467638361447037, -0.9920089941880997, -0.9536353050226679, -0.9951417309664513, -0.970480507166271, -0.9985101026199041, -0.981759963527233, -0.9999706809135865, -0.9989324002516597, -0.9738432212189203, -0.9600143444996031, -0.9949862972858498, -0.9908787067191279, -0.88908654650929], "0.0012414": [-0.9775888128240668, -0.9762480007225317, 1, -0.9782072138578185, -0.990009182696734, -0.9809184151939913, -0.9637533879986895, -0.9955981151667401, -0.967508963916338, -0.9975117477268687, -0.9805417771684164, -0.9993382579561997, -0.9887430951757054, -0.999977853610205, -0.999546343353275, -0.9830648454290217, -0.9726385898602865, -0.9974525514165467, -0.9949237121823312, -0.9119703532128972], "0.0013793": [-0.9850543443088399, -0.9842712294181041, 1, -0.9854746713755048, -0.9939262254343014, -0.9878982633799991, -0.9752727245993631, -0.9975486002927448, -0.9771862526801216, -0.9987006649556502, -0.9871302407152732, -0.999685549020546, -0.9930174670956167, -0.999966941644284, -0.999786371339751, -0.9889954835100205, -0.9812204703598086, -0.9986804240702912, -0.997148540988663, -0.9301081158874908], "0.0015172": [-0.9899875359391186, -0.9895381583076178, 1, -0.9902768033327105, -0.996268737570282, -0.9922939506893121, -0.9830740585326261, -0.9985995858521901, -0.9839407214650263, -0.9992858745973817, -0.9914474904869189, -0.9998146487928395, -0.9956314037301883, -0.9999389709741857, -0.9998629569878568, -0.9928099751751027, -0.9870631207656938, -0.9992804771233988, -0.9983632176615297, -0.944495579385841], "0.0016552": [-0.9932301202100036, -0.9929762979261294, 1, -0.9934310548920731, -0.9976456653541699, -0.9950348361764779, -0.9883409480383752, -0.9991365311448459, -0.988639449992212, -0.9995419790665068, -0.9942575321477712, -0.9998247786708316, -0.9972064136140918, -0.999879877253392, -0.9998477364340034, -0.9952428533944471, -0.9910269440015348, -0.9995416765528861, -0.9989973379773813, -0.9558981330752055], "0.0017931": [-0.9953059263814594, -0.9951644957574133, 1, -0.995446503789782, -0.9983937173446492, -0.9966823147486367, -0.9918431235482554, -0.9993431277816115, -0.9918535112988415, -0.9995812569567614, -0.9960297095832435, -0.9997321292816609, -0.9980948180115718, -0.9997566361913892, -0.9997429841203818, -0.9967366809378257, -0.9936623498916036, -0.9995823237387941, -0.9992613339627643, -0.9648771731016523], "0.001931": [-0.9965165623158159, -0.996438696634817, 1, -0.9966153814060171, -0.9986659508160796, -0.9975459260875513, -0.9940608023267434, -0.9992679960828268, -0.9939412470280001, -0.9994071238118603, -0.9970267576653244, -0.9994873888058367, -0.9984646054071354, -0.9994983129096146, -0.9994924978350882, -0.9975305481201541, -0.9953008874286391, -0.9994082756309068, -0.9992200637726394, -0.971856006525915], "0.002069": [-0.9969555770116012, -0.9969129832042495, 1, -0.9970252569928176, -0.9984453307862059, -0.9977133500420913, -0.9952123634268117, -0.9988253757333987, -0.9950492826148462, -0.9989062455044865, -0.9973153297190975, -0.9989487970230003, -0.9983108347490827, -0.9989536697149596, -0.9989511904243332, -0.9976721247569441, -0.9960635291453012, -0.9989071297318005, -0.9987974073430985, -0.977074256303896], "0.0022069": [-0.9964639123499899, -0.9964403184547043, 1, -0.9965131939491024, -0.997492827242547, -0.9970145857846053, -0.9952249353027316, -0.9977316634578615, -0.9950636236965243, -0.9977784642106251, -0.9967178930964474, -0.997800942588434, -0.99740356514783, -0.9978031172179136, -0.9978020595115893, -0.9969693135821979, -0.9958142446198824, -0.9977790521264047, -0.9977154480441329, -0.9805153898337214], "0.0023448": [-0.9944700585852871, -0.9944561971484326, 1, -0.9945050262564548, -0.9951778492167013, -0.994865381042801, -0.9935887202535186, -0.9953269603539302, -0.9934517583737744, -0.9953538919362808, -0.9946497548192047, -0.995365691622055, -0.9951189631638085, -0.9953666600304315, -0.9953662099341567, -0.9948260367306363, -0.9940011907049641, -0.9953542444353998, -0.9953176826415914, -0.9817571941085886], "0.0024828": [-0.9896028590985387, -0.9895934206592573, 1, -0.989627794613385, -0.9900871999065035, -0.9898829008936829, -0.9889756583305372, -0.9901792650082732, -0.9888740804147672, -0.9901946314887343, -0.9897305852121829, -0.9902007513767935, -0.9900485965023709, -0.990201179724215, -0.9902009896916668, -0.9898535013288244, -0.9892688942236845, -0.9901948176032047, -0.990174104539862, -0.9795687236108905],