{"0.0": [-0.9999092042625951, -0.9999092042625951, -0.9999092042625951, -0.9999092042625951, -0.9999092042625951, 1, -0.9999092042625951, -0.9999092042625951, -0.9999092042625951, -0.9999092042625951, -0.9999092042625951, -0.9999092042625951, -0.9999092042625951, -0.9999092042625951, -0.9999092042625951, -0.9999092042625951, -0.9999092042625951, -0.9999092042625951, -0.9999092042625951, -0.9999092042625951], "0.0001379": [-0.9999385921508276, -0.9999474671998819, -0.9999433117469478, -0.9999414049411618, -0.9999441812333826, 1, -0.9999358209669424, -0.9999503003317323, -0.9999351277828563, -0.9999518783437641, -0.9999403450683862, -0.9999592288029165, -0.9999436553950657, -0.9999760300683918, -0.9999573656943741, -0.9999403121518012, -0.9999379452588434, -0.9999518782383482, -0.9999479001954622, -0.999929395847476], "0.0002759": [-0.9999584830041056, -0.9999696207361933, -0.9999646221121451, -0.9999622008639402, -0.999965699461556, 1, -0.9999546496953281, -0.999972810531729, -0.9999536640615598, -0.9999745104698975, -0.9999608204432685, -0.9999817054828498, -0.9999650498831548, -0.9999936797739596, -0.9999799944962373, -0.9999607771689776, -0.9999576032598363, -0.9999745103624922, -0.9999701196916178, -0.9999451097801525], "0.0004138": [-0.9999719247449388, -0.9999824265152305, -0.9999779156269358, -0.9999756100839361, -0.9999789165809625, 1, -0.9999679483493434, -0.9999851202356016, -0.9999668975826469, -0.9999864936345878, -0.9999742619409406, -0.9999917873138072, -0.9999783148623504, -0.9999983322777375, -0.9999906087233073, -0.9999742192845329, -0.9999710276905338, -0.9999864935625133, -0.9999828576502061, -0.9999573203022433], "0.0005517": [-0.9999810156239721, -0.9999898350997279, -0.9999862149917007, -0.9999842634078429, -0.9999870416417176, 1, -0.9999773484909262, -0.9999918575866045, -0.9999763527883052, -0.999992843931947, -0.9999830930491936, -0.9999963136306055, -0.9999865461870567, -0.9999995600234232, -0.9999955918997977, -0.9999830556759884, -0.9999802025470156, -0.9999928438904111, -0.9999901662294148, -0.9999668157858255], "0.0006897": [-0.9999871671975998, -0.9999941231869641, -0.9999913989646202, -0.9999898504681711, -0.9999920388537176, 1, -0.9999839965923661, -0.9999955466843953, -0.9999831121842083, -0.9999962105921346, -0.9999888981173184, -0.9999983464727514, -0.9999916564866664, -0.9999998840597648, -0.9999979322700391, -0.9999888674268727, -0.9999864764056522, -0.999996210569841, -0.9999943615397814, -0.9999742043225788], "0.0008276": [-0.9999913234676574, -0.9999966012461307, -0.9999946319835398, -0.9999934522396251, -0.999995107564938, 1, -0.9999886912195938, -0.9999975634943048, -0.999987937076247, -0.9999979926177855, -0.9999927081959465, -0.9999992579586515, -0.9999948242402358, -0.9999999694241438, -0.999999029648534, -0.9999926839999477, -0.9999907600019574, -0.9999979926062583, -0.9999967659822817, -0.9999799448306254], "0.0009655": [-0.9999941339285185, -0.9999980345383258, -0.9999966499728734, -0.9999957761040857, -0.9999969936099589, 1, -0.9999920090560315, -0.9999986670454073, -0.9999913838857244, -0.9999989367121053, -0.99999521096327, -0.9999996670361506, -0.9999967895148404, -0.9999999919379802, -0.999999544677295, -0.9999951924183929, -0.9999936871015982, -0.9999989367062784, -0.9999981452262705, -0.999984408403821], "0.0011034": [-0.9999960342523271, -0.9999988634811432, -0.9999979094796153, -0.9999972753708427, -0.9999981527040844, 1, -0.999994353756713, -0.9999992708324742, -0.9999938461040783, -0.9999994368373503, -0.9999968548872141, -0.9999998506110894, -0.9999980086907965, -0.999999997874652, -0.9999997863688299, -0.9999968409644349, -0.999995687163859, -0.9999994368344489, -0.9999989363316124, -0.9999878789649724], "0.0012414": [-0.9999973198686265, -0.9999993431239182, -0.9999986959817898, -0.999998243139472, -0.9999988653938595, 1, -0.9999960116712562, -0.9999996013302377, -0.9999956059734291, -0.9999997018884529, -0.9999979352536184, -0.9999999330208775, -0.9999987653957463, -0.9999999994403491, -0.9999998998325553, -0.9999979249670925, -0.9999970545317373, -0.9999997018870248, -0.9999993903041754, -0.9999905790562105], "0.0013793": [-0.9999981882970624, -0.9999996202217625, -0.9999991863583376, -0.9999988668717764, -0.9999993029272592, 1, -0.9999971821946471, -0.9999997819514103, -0.9999968619413435, -0.9999998421349229, -0.9999986441722896, -0.9999999699554842, -0.9999992343350961, -0.999999999852516, -0.9999999530125488, -0.9999986366649088, -0.9999979879305472, -0.9999998421342257, -0.9999996504074932, -0.9999926765906523], "0.0015172": [-0.9999987753993567, -0.999999780444662, -0.9999994923615981, -0.999999269206597, -0.9999995717651831, 1, -0.999998009279354, -0.9999998807503158, -0.9999977590133133, -0.9999999164097882, -0.999999109739413, -0.9999999865245544, -0.9999995251885763, -0.9999999999611409, -0.9999999779609904, -0.9999991043153822, -0.9999986256137541, -0.9999999164094503, -0.9999997995630499, -0.9999943073158293], "0.0016552": [-0.9999991725244286, -0.9999998731318541, -0.9999996834087402, -0.9999995288645417, -0.9999997370317871, 1, -0.9999985940189161, -0.9999999348168982, -0.9999984001057777, -0.9999999557629107, -0.9999994156512623, -0.9999999939602271, -0.9999997056768085, -0.9999999999897732, -0.999999989669565, -0.9999994117659675, -0.9999990615054377, -0.9999999557627479, -0.9999998851357236, -0.9999955758850805], "0.0017931": [-0.9999994407373832, -0.9999999266667331, -0.9999998025015427, -0.9999996961852473, -0.9999998384716178, 1, -0.9999990067985877, -0.9999999643576132, -0.999998857571245, -0.9999999765803765, -0.999999616350737, -0.9999999972916631, -0.9999998175055338, -0.9999999999973064, -0.9999999951556184, -0.9999996135864612, -0.9999993590089863, -0.9999999765802985, -0.9999999341532873, -0.999996561255441], "0.001931": [-0.9999996220338205, -0.9999999576145594, -0.9999998768029718, -0.999999804094937, -0.999999900787758, 1, -0.9999992984244936, -0.9999999805122187, -0.9999991842693293, -0.9999999876024683, -0.999999748132915, -0.9999999987856699, -0.9999998868521541, -0.9999999999992907, -0.9999999977284998, -0.9999997461779496, -0.999999562226693, -0.9999999876024311, -0.9999999622558271, -0.9999973272502333], "0.002069": [-0.9999997446456877, -0.99999997551349, -0.9999999231825625, -0.9999998737248307, -0.9999999390885473, 1, -0.9999995045712181, -0.9999999893504399, -0.9999994177115743, -0.9999999934407815, -0.9999998347084406, -0.9999999994559108, -0.9999999298764881, -0.9999999999998134, -0.9999999989356039, -0.9999998333333191, -0.9999997011153298, -0.9999999934407638, -0.9999999783749509, -0.9999979230685196], "0.0022069": [-0.9999998274426872, -0.9999999858493327, -0.9999999520885021, -0.9999999185854256, -0.9999999625926489, 1, -0.9999996500735818, -0.9999999941782318, -0.9999995842661364, -0.9999999965283879, -0.9999998914981257, -0.9999999997561021, -0.9999999565286707, -0.9999999999999509, -0.9999999995010156, -0.9999998905349723, -0.9999997958942545, -0.9999999965283796, -0.9999999876061505, -0.999998385826298], "0.0023448": [-0.9999998833995997, -0.9999999918229979, -0.9999999701192582, -0.9999999475119982, -0.9999999770286919, 1, -0.9999997528552346, -0.999999996817694, -0.9999997031941689, -0.9999999981627335, -0.9999999287805604, -0.9999999998906804, -0.9999999730528087, -0.9999999999999871, -0.9999999997661027, -0.9999999281086265, -0.9999998606253028, -0.9999999981627297, -0.9999999928973247, -0.9999987455214939], "0.0024828": [-0.9999999212374568, -0.9999999952771335, -0.9999999813720118, -0.9999999661737917, -0.9999999858995928, 1, -0.9999998254998788, -0.9999999982613887, -0.9999997881623799, -0.9999999990282054, -0.9999999532693326, -0.9999999999510348, -0.9999999833027573, -0.9999999999999966, -0.9999999998904331, -0.999999952802336, -0.9999999048585889, -0.9999999990282036, -0.9999999959315502, -0.9999990252760771],