{"0.0": [-0.049958374957881135, -0.049958374957881135, -0.049958374957881135, -0.049958374957881135, -0.049958374957881135, -0.049958374957881135, -0.049958374957881135, -0.049958374957881135, 1, -0.049958374957881135, -0.049958374957881135, -0.049958374957881135, -0.049958374957881135, -0.049958374957881135, -0.049958374957881135, -0.049958374957881135, -0.049958374957881135, -0.049958374957881135, -0.049958374957881135, -0.049958374957881135], "0.0001379": [-0.05816754239978417, -0.06636081834581364, -0.06634039560589511, -0.049652999617900484, -0.048099841550464206, -0.06252503674448351, -0.06282063408873906, -0.05245008475975854, 1, -0.05371133348101209, -0.05512182087085293, -0.05961551877283633, -0.053501322980187616, -0.06528830888414106, -0.051384616040080155, -0.05539130005126425, -0.058551670085146834, -0.06044955056306578, -0.05982272193878069, -0.05500052593463811], "0.0002759": [-0.07147493407856664, -0.08886478348715876, -0.08923554510800913, -0.05479089805301662, -0.05179722575520407, -0.08221340592157533, -0.08258170531948394, -0.06099903309507737, 1, -0.06286338597453023, -0.0648222106196481, -0.07492529199790054, -0.06210030428276092, -0.08607710817023895, -0.060254433848710764, -0.06559217857722544, -0.07156734369787576, -0.07631730310170726, -0.07473096940435964, -0.06314283191229098], "0.0004138": [-0.08850094617210136, -0.11213682998380203, -0.11283043547087823, -0.06549890522189494, -0.061751808804068276, -0.10422447859703299, -0.10508725618105541, -0.07506801533018426, 1, -0.07716211827322172, -0.07857310428418784, -0.09295724483528722, -0.07535919164214966, -0.10572765985686805, -0.07620753596368379, -0.07992197581735949, -0.08816250530352943, -0.09519210932991506, -0.09271099014887496, -0.07466502130250052], "0.0005517": [-0.08145188475248522, -0.09925700658172298, -0.09809036409252425, -0.057773867474444685, -0.05377179328702009, -0.0908818500183276, -0.09306748791135211, -0.06594528491080376, 1, -0.06799763517995128, -0.07188598044902572, -0.07935874893149042, -0.06731414812840475, -0.08585750803125702, -0.0668305057679911, -0.07330959374677182, -0.08331432469861755, -0.08444995967616331, -0.08382379586981592, -0.07396075738757169], "0.0006897": [-0.0030713186634585554, -0.004117043126407927, 0.0011498927110771273, 0.014840423007353554, 0.02011245321784072, 0.0050333648914600015, 0.0020146113933183774, 0.015959541627597273, 1, 0.014963235255347929, 0.001401134095714962, 0.013481995850868733, 0.009699239204931986, 0.014579628947943402, 0.020009701427365467, 0.000553864724507136, -0.0109539504160574, 0.0050154649438294285, 0.0003727377506381746, -0.02504118925109944], "0.0008276": [0.1371802803859925, 0.14946067565051369, 0.15713314853966942, 0.1480964867927841, 0.1551202072198119, 0.15849253282702525, 0.15583219340377696, 0.15898425019777807, 1, 0.15956277919497186, 0.13630899348828973, 0.16394672870908056, 0.1482674974109286, 0.16732437351717677, 0.16701906331008054, 0.13596737756621202, 0.12374223075526758, 0.15506824232280825, 0.14657049726744464, 0.07793414680213306], "0.0009655": [0.29904062810791565, 0.3165068435427252, 0.3238914479969517, 0.304789143550076, 0.31258931713525917, 0.32408047774960225, 0.3221943290671654, 0.3205082862928599, 1, 0.3220381345449055, 0.2950391907671406, 0.3274863675956945, 0.3084536880790598, 0.3302115422952121, 0.32898024329784903, 0.2949143291830427, 0.28311678613818936, 0.32044765288780064, 0.3113940551845593, 0.21172952225724173], "0.0011034": [0.45452904596553, 0.4716144635679118, 0.47738216311922343, 0.4571366073557974, 0.46452440225554836, 0.4772002436094409, 0.4759933278774353, 0.47312545352926616, 1, 0.47482545956335565, 0.4494095011040402, 0.47926154426068823, 0.4621704134023097, 0.48091130980911023, 0.48000204374796396, 0.4493559328025172, 0.43886064330809016, 0.4744875089358356, 0.4668792192232769, 0.35328049827120767], "0.0012414": [0.5894069445732175, 0.6036082032253545, 0.607598209715396, 0.590332157079096, 0.5965897002885643, 0.6073743843198331, 0.6066447756114324, 0.6040894501623031, 1, 0.6055264091845509, 0.5844070162551969, 0.6085755259031569, 0.5953051371825295, 0.6094543227153906, 0.6089394963621275, 0.5843816963680233, 0.5756137964709569, 0.6056270514998094, 0.6000256084237892, 0.4865533377747604], "0.0013793": [0.698514410788523, 0.7092762400801311, 0.7118341194079503, 0.6986452591086914, 0.7035530404928958, 0.7116637561568504, 0.7112386917094968, 0.7093721147445888, 1, 0.7104265366723481, 0.6942209413000131, 0.712338776673306, 0.70287147593985, 0.7127752807582004, 0.7125146933910345, 0.6942132294566956, 0.6872292159208528, 0.7106231541937558, 0.7068234870950116, 0.6024072079023466], "0.0015172": [0.7826979538550096, 0.7903873849743746, 0.7919461473088056, 0.7825134335701149, 0.7861607591667366, 0.7918366334778355, 0.7915957731017964, 0.790360864427714, 1, 0.7910712430018476, 0.7792829085092703, 0.7922041245344471, 0.7858054864158719, 0.7924117700364446, 0.7922877194948501, 0.7792873862485383, 0.7739232934484357, 0.7912453840968214, 0.7888037374978101, 0.6977993111980663], "0.0016552": [0.8455072738724339, 0.8507872266646421, 0.8517044099375046, 0.8452395632610736, 0.8478478681843797, 0.8516399234418224, 0.851506436404371, 0.8507361410880543, 1, 0.8511887280712975, 0.8429250229047451, 0.8518347802142516, 0.8476643810322668, 0.851930775272342, 0.8518739411223331, 0.8429364781465989, 0.8389305270783087, 0.8513140392876835, 0.8498024117431071, 0.7733863466446196], "0.0017931": [0.8911823447520537, 0.8947111685134221, 0.8952381488411114, 0.8909297900204467, 0.8927449647933225, 0.895202101873044, 0.8951293629718717, 0.8946664652641267, 1, 0.8949442314520475, 0.8892966177672053, 0.8953033729978992, 0.8926502668972116, 0.8953469561881984, 0.8953215395324376, 0.8893106600926097, 0.8863814479250682, 0.8950259351388581, 0.8941134642425113, 0.8315720013090708], "0.001931": [0.9238663388917674, 0.9261799525311527, 0.9264775957074642, 0.9236612752713445, 0.9248994974680549, 0.9264581207261948, 0.9264190304759716, 0.926147844668896, 1, 0.9263138816847933, 0.9225234371751878, 0.9265099217925263, 0.9248503674088455, 0.9265294617603776, 0.9265182851789948, 0.9225371656204775, 0.9204300646161434, 0.9263641681955859, 0.9258232328061446, 0.8755534766494841], "0.002069": [0.9469941329067988, 0.9484899039708117, 0.9486558916765395, 0.946839889502509, 0.9476719331930243, 0.9486456169495867, 0.9486248517848903, 0.948468844987312, 1, 0.9485661996973525, 0.9460555534112023, 0.9486717763018957, 0.9476461844815995, 0.9486804570046636, 0.9486756027143011, 0.9460674748877234, 0.9445712010766674, 0.948596004749918, 0.9482795538242863, 0.9083918929626427], "0.0022069": [0.9632034969061636, 0.9641613195550134, 0.9642531022892267, 0.963092595522034, 0.9636457143612147, 0.9642477677846302, 0.9642368305643869, 0.9641481884156531, 1, 0.9642045100654166, 0.9625563598796314, 0.9642608593171373, 0.9636320113552705, 0.9642646955163483, 0.9642626034574964, 0.9625659777587947, 0.9615136475027382, 0.964221733738267, 0.9640382476736806, 0.9326675700992144], "0.0023448": [0.9745107401370006, 0.9751196825158062, 0.9751701011819942, 0.9744333047762417, 0.9747979202898962, 0.975167364768001, 0.9751616457290186, 0.975111750544126, 1, 0.9751439995914297, 0.974069234527789, 0.9751738680710518, 0.9747904966745324, 0.9751755565961393, 0.9751746603880744, 0.9740766168046653, 0.9733422607904938, 0.97515377039105, 0.9750480979150478, 0.9505334836505532], "0.0024828": [0.9823733925833695, 0.9827583512583078, 0.9827858998528107, 0.9823204112787494, 0.982559127281593, 0.9827845094910086, 0.9827815381539784, 0.9827536618750656, 1, 0.982771975363089, 0.9820747202354829, 0.9827877196525554, 0.9825550284538944, 0.9827884603800985, 0.9827880783720684, 0.9820801884480497, 0.9815710490904639, 0.9827774402388334, 0.9827169093566326, 0.9636508208626304],