{"0.0": [-0.46211715726001057, -0.46211715726001057, -0.46211715726001057, -0.46211715726001057, -0.46211715726001057, -0.46211715726001057, -0.46211715726001057, -0.46211715726001057, 1, -0.46211715726001057, -0.46211715726001057, -0.46211715726001057, -0.46211715726001057, -0.46211715726001057, -0.46211715726001057, -0.46211715726001057, -0.46211715726001057, -0.46211715726001057, -0.46211715726001057, -0.46211715726001057], "0.0001379": [-0.5607984363672768, -0.5940361996299757, -0.6115489631649482, -0.5515413154115087, -0.5566348906611797, -0.6067093103869876, -0.5980634777174418, -0.5793295584867855, 1, -0.5844425406227103, -0.5521620600783548, -0.6203799935121571, -0.5622822721161831, -0.7139415187467573, -0.614880135290082, -0.5529034148119587, -0.5494646050651644, -0.5931411478059041, -0.5786424603645887, -0.5173612752191434], "0.0002759": [-0.682441191320498, -0.7416451280812086, -0.7685740276790262, -0.6666501437384901, -0.6771095144628518, -0.7628009284451664, -0.7475804697503274, -0.7187675685734948, 1, -0.7258813924941498, -0.6663059195569276, -0.7850669066225148, -0.6866088264863006, -0.8957382358582693, -0.7774205315063383, -0.6679904347972295, -0.6596736345452839, -0.7387189354727425, -0.7140246295725411, -0.5919579882349517], "0.0004138": [-0.7914842128439393, -0.85638504836056, -0.8836894623000621, -0.7726355961091057, -0.7862762333405231, -0.8781763018850883, -0.8650218404190004, -0.833657358181427, 1, -0.8421400695674046, -0.7722590365938391, -0.8982304074697185, -0.7967031908121632, -0.9733857180443957, -0.8932555436006584, -0.7742025159679848, -0.7640152116094544, -0.8550341956960661, -0.8271685682103713, -0.671714728672425], "0.0005517": [-0.8687495202345151, -0.9246768941294781, -0.9464963846228199, -0.8503458815444198, -0.8641929007075221, -0.9419923963236783, -0.9337373707713856, -0.9065825959370675, 1, -0.9150683581631229, -0.8504694700014759, -0.9554313252009621, -0.873559889468023, -0.9944904506891205, -0.9532894104637104, -0.8520586064583294, -0.8427640585522866, -0.9255187680554546, -0.9011430347355491, -0.7420697922674098], "0.0006897": [-0.9182322147859038, -0.9609291235561199, -0.9760296242808636, -0.9023774604806014, -0.9145671258048111, -0.9728600407168677, -0.96827140415367, -0.9481176354288696, 1, -0.9552558204173068, -0.9028225205295, -0.9807603807311771, -0.9221823979286479, -0.9989363965816747, -0.9800175200422382, -0.9039144447046621, -0.896396564755661, -0.9626881968587914, -0.9444280233483752, -0.7988710745096549], "0.0008276": [-0.949007509928727, -0.9796212371378915, -0.9892360163429376, -0.9363311884147961, -0.9462203602377826, -0.9872265700268643, -0.9847570874439489, -0.9711053666320955, 1, -0.9764418451407921, -0.9368438649883556, -0.9916308704829428, -0.9520789436187477, -0.9997930480747892, -0.9913994597024257, -0.9375412201329593, -0.931743922678385, -0.9813422608564467, -0.968824880840054, -0.8433666832325868], "0.0009655": [-0.9681040778794355, -0.9892871616204648, -0.9951161114966586, -0.9584160497143697, -0.9660532057016796, -0.9939233240220982, -0.9925975732743471, -0.983825434277407, 1, -0.9875314136673728, -0.958864541884235, -0.9963208069155937, -0.9704057059733444, -0.9999582350747803, -0.9962521833675878, -0.9593033626359143, -0.9549280533491951, -0.990622244468345, -0.9824731446770342, -0.8780106391371194], "0.0011034": [-0.9799896821990473, -0.9943290190067631, -0.9977586283711789, -0.9727943664498993, -0.9785094910983912, -0.9970792240727999, -0.9963642553212388, -0.9909004833704527, 1, -0.9933573433103242, -0.9731407535152656, -0.9983669154359539, -0.9816664745240528, -0.9999910061650454, -0.9983466251219061, -0.9734216256352746, -0.9701601946598238, -0.9952545447916358, -0.9901130490847068, -0.9049699358020574], "0.0012414": [-0.9874201553530815, -0.9969830201896122, -0.9989615960472618, -0.9821797235589869, -0.9863654839404478, -0.9985850132143028, -0.9981980792862061, -0.9948614061040518, 1, -0.9964409582698667, -0.9824299208338788, -0.9992697299771182, -0.9886152700448906, -0.9999976724425609, -0.9992633892418804, -0.9826150489299675, -0.9802067317711081, -0.9975844163131954, -0.9944063930030088, -0.9259803611384435], "0.0013793": [-0.9920741168999985, -0.9983876497439549, -0.9995146501891602, -0.9883091974516601, -0.9913294930925111, -0.9993096129818972, -0.9990997569378848, -0.9970872693047163, 1, -0.9980822887357025, -0.9884832012412725, -0.9996710223384383, -0.9929121959745132, -0.9999989727081281, -0.999668764856865, -0.9886088846175289, -0.9868441969223868, -0.9987630056133202, -0.9968247570198179, -0.9423430641115639], "0.0015172": [-0.9949992618199407, -0.999135574765269, -0.9997714746047109, -0.9923226494513063, -0.9944776309665533, -0.9996612943354174, -0.9995475158263377, -0.9983445639418895, 1, -0.9989621911082273, -0.9924410411770929, -0.9998507620398706, -0.9955796293289606, -0.9999990899394642, -0.9998498067918724, -0.9925282916119655, -0.9912445243832213, -0.9993635372641106, -0.9981930095506136, -0.9551010179488366], "0.0016552": [-0.9968423654950703, -0.9995354192685337, -0.9998915208107649, -0.9949556525052189, -0.9964795502248884, -0.9998329226782393, -0.9997713711379672, -0.9990573771352992, 1, -0.999436447224028, -0.9950352188365786, -0.9999316102819433, -0.9972402843671708, -0.9999988719959779, -0.9999311440932477, -0.9950966207210202, -0.9941691062278134, -0.9996711612377261, -0.9989697419608017, -0.9650544834518554], "0.0017931": [-0.9980035334379986, -0.9997492675298612, -0.999947655711945, -0.9966822383888253, -0.9977526768559197, -0.9999167175418672, -0.999883492169397, -0.9994617557266027, 1, -0.9996925448274713, -0.9967354179338198, -0.9999678729341822, -0.9982743678232491, -0.9999984674543582, -0.9999676275200594, -0.9967789351109846, -0.9961127057043013, -0.9998289792031809, -0.9994109296067156, -0.9728064952883764], "0.001931": [-0.9987363396970778, -0.999863729142527, -0.9999737564698888, -0.9978162350964498, -0.9985638675651827, -0.999957524506628, -0.9999396445120353, -0.999691583971415, 1, -0.9998311603796274, -0.997851713377652, -0.9999839169902598, -0.998919557776549, -0.9999978598853625, -0.9999837848938304, -0.9978826114970211, -0.9974066860144525, -0.9999100298938457, -0.9996620235138276, -0.9788463295846146], "0.002069": [-0.9991991665727943, -0.9999247593916828, -0.9999855282862589, -0.9985616935816527, -0.9990812233443271, -0.9999770607294319, -0.9999674741662046, -0.9998221343727505, 1, -0.9999060570212182, -0.9985853698228422, -0.9999906142073907, -0.9993224595054081, -0.9999969741167801, -0.9999905434446769, -0.9986072752644859, -0.9982690602908432, -0.9999514124022064, -0.9998049010265664, -0.9835527841129296], "0.0022069": [-0.9994908188575373, -0.9999567751760314, -0.999990247799637, -0.9990508879049429, -0.9994105146246719, -0.9999858483366539, -0.9999807226494684, -0.999895787011322, 1, -0.9999460355918549, -0.999066724096862, -0.9999927862092332, -0.9995734629411281, -0.9999956920792681, -0.999992748819441, -0.9990822124052697, -0.9988428702237544, -0.9999720179365912, -0.9998857100814093, -0.9872128867605489], "0.0023448": [-0.9996742668501046, -0.9999728578112167, -0.9999912460935922, -0.9993717746856748, -0.9996198176262145, -0.9999889691712054, -0.9999862371365378, -0.9999367277940401, 1, -0.9999666971081774, -0.9993823949747225, -0.9999925089510594, -0.9997294650782973, -0.9999938377549515, -0.9999924895139622, -0.9993933053490249, -0.9992246072291282, -0.99998152533261, -0.9999308216165089, -0.9900599376834124], "0.0024828": [-0.9997889072042986, -0.9999798461502647, -0.9999899202831176, -0.9995816480708959, -0.9997521377581677, -0.999988746472794, -0.9999872952435831, -0.999958511238784, 1, -0.9999763185308578, -0.9995887884776727, -0.999990546350498, -0.9998256478862073, -0.9999911540175334, -0.9999905364047585, -0.9995964416680451, -0.999477992622519, -0.9999847490960098, -0.9999550438153265, -0.9922744935059821],