{"0.0": [-0.09966799462495657, -0.09966799462495657, 1, -0.09966799462495657, -0.09966799462495657, -0.09966799462495657, -0.09966799462495657, -0.09966799462495657, -0.09966799462495657, -0.09966799462495657, -0.09966799462495657, -0.09966799462495657, -0.09966799462495657, -0.09966799462495657, -0.09966799462495657, -0.09966799462495657, -0.09966799462495657, -0.09966799462495657, -0.09966799462495657, -0.09966799462495657], "0.0001379": [-0.10340319122736219, -0.0697138298800859, 1, -0.10684956954498193, -0.12211863617922336, -0.056040493485303156, -0.03782539402370022, -0.12591269271787775, -0.11575960588916478, -0.13470627984836447, -0.11575397583788594, -0.13820749779990493, -0.11963114479973658, -0.13947577448419646, -0.14171055662265863, -0.11954719187060314, -0.11048597824621043, -0.1288567786766417, -0.13036954049723393, -0.10720871730258474], "0.0002759": [-0.11462163792383995, -0.04647599922399914, 1, -0.12391609499394352, -0.15353713875518515, -0.01567561909475146, 0.022668298272545018, -0.16522608268933925, -0.14076869313113793, -0.18258115635368632, -0.14346518048597656, -0.18879520183199283, -0.15223653792088632, -0.1870935949287007, -0.19453928921482022, -0.14953606374762818, -0.12989232232117254, -0.16921102306228974, -0.17257770672403172, -0.12177442074830924], "0.0004138": [-0.1325495665011579, -0.036218823031138214, 1, -0.148332720267339, -0.18850527297810726, 0.009235328424763045, 0.06593829229228332, -0.20757958715465208, -0.17175929222332653, -0.23129525202347456, -0.1781256129412775, -0.23455808240345177, -0.1907084220876316, -0.22571477828091824, -0.24125954851894038, -0.18463982068046791, -0.15600392573539523, -0.21221141132129928, -0.21730550174957364, -0.14309519105247226], "0.0005517": [-0.11872770008777778, -0.012079770399527234, 1, -0.13730373413035324, -0.17661068987288997, 0.03688505694649158, 0.09986474668871437, -0.1909270672725486, -0.16830207374887451, -0.21356612587176527, -0.17113355509718453, -0.20455519146510837, -0.1805143320908228, -0.18778691789104351, -0.2098654379370274, -0.17650085749518596, -0.14849911597499543, -0.1959662073409031, -0.20468558454248076, -0.14384156730226927], "0.0006897": [0.016887820043923085, 0.11290925803856533, 1, 0.001275914780168641, -0.021448681601429653, 0.15280857496246414, 0.2018540946681464, -0.01594657632291485, -0.04293802174166905, -0.028384471115713628, -0.02741752969662814, -0.00646300347182216, -0.023328414329558123, 0.012270558521976005, -0.008319573110392886, -0.030957100259322634, -0.0171117083285518, -0.018039874942011758, -0.03408996018156618, -0.05363086241039561], "0.0008276": [0.28041251992725313, 0.3563443590419981, 1, 0.26961843635664584, 0.2670124123448798, 0.3836281680213567, 0.4104274734649904, 0.2893274240022625, 0.2114693758377142, 0.2874267048495023, 0.24908047606270678, 0.3112256406516045, 0.26721662244254873, 0.3251411344967212, 0.31182702278737495, 0.2471582307945679, 0.24452638820446326, 0.292264990129405, 0.27110773835245316, 0.14772037877961486], "0.0009655": [0.5542607201536716, 0.6098901873513982, 1, 0.5471963507576418, 0.5558639469497593, 0.6270348510099972, 0.6380516742763966, 0.5817298820547152, 0.48448258805410704, 0.5846183529484295, 0.5328517827886132, 0.6023159748861442, 0.5565055427504535, 0.6101655327668192, 0.603414540541624, 0.5319653679726464, 0.5204971531370306, 0.5871258236792405, 0.5674954578657081, 0.38130266812822855], "0.0011034": [0.7522811976010759, 0.7908823511697993, 1, 0.7476903586013157, 0.7588837137088029, 0.8011651411188658, 0.804761851061677, 0.7802316367026607, 0.6904684533057439, 0.7837191232054992, 0.7374320252138291, 0.794572198580421, 0.7592912357078361, 0.7983503492252662, 0.7953543804413756, 0.7370669927939701, 0.7238996963290703, 0.7852349105334884, 0.7707264975838313, 0.5730429076118424], "0.0012414": [0.8695226764429511, 0.8953238217915853, 1, 0.8665443487115245, 0.8762132487993606, 0.9013066336989259, 0.9021992533339904, 0.8913867707760235, 0.8195332687987973, 0.8940503822907602, 0.859127872490711, 0.9001136784748149, 0.8763868600690641, 0.9017944211669144, 0.9005436209862483, 0.8589908683806053, 0.8474682711427872, 0.8949992520971959, 0.8855447176329212, 0.7060942556181016], "0.0013793": [0.9324021787751928, 0.9492585124997748, 1, 0.9304692209098586, 0.937693708169572, 0.9526726793532974, 0.9527626611710907, 0.94775020853528, 0.8940744132868688, 0.9494910864306867, 0.9251306562084389, 0.9527417879492133, 0.937746168349253, 0.9534660884822503, 0.9529543078175835, 0.9250885761029599, 0.9160518578003054, 0.9500730573786311, 0.9442967938777393, 0.7932587477566049], "0.0015172": [0.9648799013364189, 0.9757394055928879, 1, 0.9636229726984047, 0.9686794582739602, 0.9776621055320052, 0.9775759647542328, 0.975120400961087, 0.9363782530590032, 0.9761819244193937, 0.9598216231569752, 0.9778945087806907, 0.9686835851710394, 0.9782035082164691, 0.9779946877108412, 0.9598186328997298, 0.9530905203577966, 0.9765293264393773, 0.9731145629831546, 0.8507282822385966], "0.0016552": [0.9815272565058679, 0.9884604630651563, 1, 0.9807078044118125, 0.9841332283945576, 0.9895329007108484, 0.9894424456597521, 0.9881851881702535, 0.9607172447412204, 0.9888102580683393, 0.9780330656338738, 0.9897059009843749, 0.9841224538488647, 0.9898375700320832, 0.9897520843650911, 0.9780451928860432, 0.9731726821666788, 0.9890130786294187, 0.9870292606283804, 0.8898365668423109], "0.0017931": [0.9901078889341748, 0.9945105158087348, 1, 0.9895719828917551, 0.9918534348402455, 0.9951050124258203, 0.9950425527018119, 0.9943785147137512, 0.9750827922078544, 0.9947399062999496, 0.9877092369305831, 0.9952073582869312, 0.9918406503214958, 0.9952636618355337, 0.9952284468181538, 0.987725721093679, 0.9842526643323461, 0.9948564301773342, 0.9937140639406756, 0.917369345943805], "0.001931": [0.994600100894502, 0.9973845760187041, 1, 0.9942488988005789, 0.9957533580385736, 0.9977125038110628, 0.9976748859647142, 0.99731746212703, 0.9838356467045213, 0.9975241182798018, 0.9929633459486027, 0.9977678858984149, 0.9957426274490435, 0.9977920518046253, 0.9977774683803806, 0.9929793990810893, 0.9905298003838359, 0.9975902231465188, 0.996935906725809, 0.937361677492526], "0.002069": [0.9969963138728908, 0.9987515089142576, 1, 0.9967659594040748, 0.9977514895937436, 0.9989316216215998, 0.9989103935775179, 0.9987159870888047, 0.9893297587143752, 0.9988332767748282, 0.9958857779215016, 0.998960298581876, 0.9977435345575962, 0.9989707008833462, 0.9989646389208513, 0.9958995008019871, 0.9941852494647232, 0.99887038783841, 0.9984970240079587, 0.9522117490964876], "0.0022069": [0.9982978056654839, 0.9994019586104086, 1, 0.9981466245144137, 0.9987895638497004, 0.9995006206440253, 0.9994890580735021, 0.9993826553804708, 0.9928600897236295, 0.9994489195567504, 0.9975477294272272, 0.9995151256484447, 0.9987840165996436, 0.9995196193963269, 0.9995170894212648, 0.9975586493046664, 0.9963657075372108, 0.9994695907087889, 0.9992569489235199, 0.9633904121787504], "0.0023448": [0.9990193439923829, 0.9997126103229492, 1, 0.9989201640015188, 0.9993381843076357, 0.9997665164037095, 0.9997603537176987, 0.999701956297687, 0.995176033936882, 0.9997392504623854, 0.9985149084688356, 0.9997737499410055, 0.9993344503929287, 0.9997756958338628, 0.9997746372565837, 0.9985232063732024, 0.9976969990644631, 0.999750684598999, 0.999629787303, 0.9718913488686962], "0.0024828": [0.9994270552037599, 0.9998614931454035, 1, 0.9993620691451826, 0.9996330106274223, 0.999890868674145, 0.9998876313698097, 0.9998555630725758, 0.9967192424459339, 0.9998764787148358, 0.9990892176693391, 0.9998944420855176, 0.9996305533205196, 0.9998952857461545, 0.9998948422764868, 0.9990953221689336, 0.9985255629571077, 0.9998827631320861, 0.9998141494333777, 0.9783964521617363],