Tract,CALI
V1,-0.9900295030318602
V2,-0.9900295030318593
V3,-0.9900295030317986
V4,-0.9900295030318583
V5,-0.99002950303186
V6,-0.99002950303186
V7,-0.9900295030318601
V8,-0.9900295030219763
V9,-0.9900295030318599
V10,-0.9900295030317904
V11,-0.9900295030318603
V12,-0.9900295030318588
V13,-0.99002950303186
V14,-0.99002950303186
V15,-0.9900295030318507
V16,-0.9900295030307801
V17,-0.99002950303186
V18,-0.9900295030318604
V19,-0.9900294550127163
whole GM,200.93369865129173
