Tract,CALI
V1,-0.9998034028629699
V2,-0.99980340286297
V3,-0.9998034028609112
V4,-0.9998034028628713
V5,-0.99980340286297
V6,-0.9998034028629699
V7,-0.9998034028629696
V8,-0.9998034026735921
V9,-0.9998034028629696
V10,-0.9998034028605796
V11,-0.99980340286297
V12,-0.9998034028629194
V13,-0.99980340286297
V14,-0.99980340286297
V15,-0.9998034028624398
V16,-0.9998034028369572
V17,-0.9998034028629698
V18,-0.9998034028629694
V19,-0.999803084319599
whole GM,179.0601830555497
