Tract,CALI
V1,-0.99767942213683
V2,-0.99767942213683
V3,-0.9976794221366021
V4,-0.9976794221368215
V5,-0.99767942213683
V6,-0.9976794221368299
V7,-0.99767942213683
V8,-0.9976794221063102
V9,-0.99767942213683
V10,-0.9976794221365646
V11,-0.99767942213683
V12,-0.997679422136826
V13,-0.9976794221368299
V14,-0.9976794221368299
V15,-0.9976794221367806
V16,-0.9976794221332624
V17,-0.9976794221368301
V18,-0.9976794221368299
V19,-0.9976793240591283
whole GM,192.79879202652745
