Tract,CALI
V1,-0.7866072159194792
V2,0.7153834920976458
V3,0.8604922039091538
V4,1.217270602035327
V5,1.340811607852125
V6,-0.7504703799250703
V7,-0.11346424010222633
V8,0.7889608236754988
V9,0.6174727977093541
V10,0.2337238279296443
V11,0.6946864727587401
V12,-0.07962112333258653
V13,2.7476105007812577
V14,0.7825760957734247
V15,0.5853838947997014
V16,-0.13842878602458597
V17,0.5636779081780761
V18,0.5578097712426169
V19,1.264715276880139
whole GM,10.095175253938125
