Tract,CALI
V1,0.9998938600802578
V2,0.9998938600804115
V3,0.9998938600803573
V4,0.9998938600802969
V5,0.9998938600802818
V6,0.9998938600801344
V7,0.99989386008036
V8,0.9998938600804772
V9,0.9998938600805012
V10,0.9998938600803449
V11,0.9998938600802711
V12,0.9998938600803529
V13,0.9998938600802294
V14,0.9998938600804141
V15,0.9998938600803484
V16,0.9998938600804106
V17,0.9998938600802232
V18,0.9998938600803875
V19,0.9998938600278793
whole GM,294.99610911757117
