Tract index,CALI
1,0.04995787537413032
2,0.04995787537413032
3,0.04995787537413032
4,0.04995787537413032
5,0.04995787537413032
6,0.04995787537413032
7,0.04995787537413032
8,0.04995787537413032
9,0.04995787537413032
10,0.04995787537413032
11,0.04995787537413032
12,0.04995787537413032
13,0.04995787537413032
14,0.04995787537413032
15,0.04995787537413032
16,0.04995787537413032
17,0.04995787537413032
18,0.04995787537413032
19,0.04995787537413032
whole GM,13.193574983115502
