Tract index,CALI
1,0.00999866671333205
2,0.00999866671333205
3,0.00999866671333205
4,0.00999866671333205
5,0.00999866671333205
6,0.00999866671333205
7,0.00999866671333205
8,0.00999866671333205
9,0.00999866671333205
10,0.00999866671333205
11,0.00999866671333205
12,0.00999866671333205
13,0.00999866671333205
14,0.00999866671333205
15,0.00999866671333205
16,0.00999866671333205
17,0.00999866671333205
18,0.00999866671333205
19,0.00999866671333205
whole GM,13.170758722948829
