Tract index,CALI
1,0.862471023286494
2,0.902079847698011
3,0.8133116419956194
4,0.8138200187102094
5,0.8970455540350193
6,0.8836664589125076
7,0.8737701064576635
8,0.671001055135072
9,0.8687910756084358
10,0.7451552934157797
11,0.9256111737346735
12,0.7918567375736032
13,0.9940254439507537
14,0.9398966134870923
15,0.732748675226766
16,0.7238174404972739
17,0.8867868509251962
18,0.8171247625519982
19,0.5577363927229613
whole GM,17.9865510347852
