Tract index,CALI
1,0.04997915887075566
2,0.04997915887075566
3,0.04997915887075566
4,0.04997915887075566
5,0.04997915887075566
6,0.04997915887075566
7,0.04997915887075566
8,0.04997915887075566
9,0.04997915887075566
10,0.04997915887075566
11,0.04997915887075566
12,0.04997915887075566
13,0.04997915887075566
14,0.04997915887075566
15,0.04997915887075566
16,0.04997915887075566
17,0.04997915887075566
18,0.04997915887075566
19,0.04997915887075566
whole GM,13.193536537283826
