Tract index,CALI
1,0.15464324613390956
2,0.17679919423426171
3,0.17892543485872392
4,0.15898940277037443
5,0.17387925700697449
6,0.16676810936655362
7,0.182005770034128
8,0.11086348267436041
9,0.1704687252005106
10,0.1234726391352905
11,0.17600144296371933
12,0.1346548418157465
13,0.31356453497905834
14,0.20771413635287472
15,0.1089068796029451
16,0.12386384749346457
17,0.19181349669377967
18,0.13601478204249817
19,0.10601909239527618
whole GM,13.315643805064708
