Tract,CALI
V1,-0.9863861250212005
V2,-0.9863861250212007
V3,-0.9863861250211544
V4,-0.9863861250211993
V5,-0.986386125021201
V6,-0.9863861250212005
V7,-0.9863861250212012
V8,-0.9863861250135553
V9,-0.9863861250211997
V10,-0.9863861250211488
V11,-0.9863861250212009
V12,-0.9863861250212
V13,-0.9863861250212013
V14,-0.986386125021201
V15,-0.9863861250211943
V16,-0.9863861250203702
V17,-0.9863861250212004
V18,-0.9863861250212
V19,-0.986386084027731
whole GM,202.67835179705511
