Tract,CALI
V1,0.1549753086912291
V2,0.1549753086912069
V3,0.15497530869119358
V4,0.15497530869119203
V5,0.15497530869124376
V6,0.1549753086911918
V7,0.15497530869123133
V8,0.15497530869022969
V9,0.1549753086912291
V10,0.15497530869118048
V11,0.1549753086912533
V12,0.15497530869116227
V13,0.1549753086911947
V14,0.1549753086912118
V15,0.15497530869122955
V16,0.15497530869119203
V17,0.1549753086912029
V18,0.15497530869119247
V19,0.15497530436206342
whole GM,232.99130931411392
