Tract,CALI
V1,0.8396402387838628
V2,0.8396402387839543
V3,0.8396402387839281
V4,0.8396402387837834
V5,0.8396402387838513
V6,0.8396402387838955
V7,0.8396402387839366
V8,0.8396402387835238
V9,0.839640238783826
V10,0.839640238783883
V11,0.839640238783905
V12,0.8396402387836992
V13,0.8396402387839057
V14,0.8396402387837536
V15,0.8396402387838362
V16,0.8396402387838879
V17,0.8396402387839268
V18,0.8396402387838089
V19,0.8396402360307493
whole GM,246.48804982401563
