Tract,CALI
V1,0.940612074901299
V2,0.9406120749014071
V3,0.9406120749012701
V4,0.9406120749014062
V5,0.9406120749013549
V6,0.940612074901449
V7,0.9406120749013156
V8,0.940612074901273
V9,0.9406120749013291
V10,0.9406120749012861
V11,0.9406120749013605
V12,0.9406120749012568
V13,0.9406120749013855
V14,0.940612074901342
V15,0.9406120749012985
V16,0.9406120749012961
V17,0.9406120749013485
V18,0.9406120749011853
V19,0.9406120732330461
whole GM,253.30444920483953
