Tract,CALI
V1,0.9996971148950335
V2,0.9996971148952176
V3,0.9996971148954024
V4,0.9996971148951443
V5,0.99969711489525
V6,0.9996971148950902
V7,0.9996971148953215
V8,0.9996971148952767
V9,0.999697114895266
V10,0.999697114895276
V11,0.9996971148951963
V12,0.99969711489526
V13,0.9996971148952403
V14,0.9996971148951368
V15,0.9996971148950042
V16,0.9996971148951443
V17,0.9996971148951017
V18,0.9996971148952289
V19,0.9996971148015779
whole GM,288.1136988550835
