Tract,CALI
V1,0.9999869803463142
V2,0.9999869803461938
V3,0.9999869803460748
V4,0.9999869803461081
V5,0.9999869803462063
V6,0.9999869803462564
V7,0.9999869803462809
V8,0.9999869803462635
V9,0.999986980346383
V10,0.9999869803460699
V11,0.9999869803462087
V12,0.9999869803463479
V13,0.9999869803463715
V14,0.9999869803462862
V15,0.9999869803461663
V16,0.9999869803463355
V17,0.9999869803462151
V18,0.9999869803461876
V19,0.9999869803298216
whole GM,308.76736288368465
