Tract,CALI
V1,0.9991361079664351
V2,0.9991361079664596
V3,0.9991361079663894
V4,0.9991361079663326
V5,0.9991361079664538
V6,0.999136107966369
V7,0.9991361079664094
V8,0.9991361079663756
V9,0.9991361079663943
V10,0.9991361079664636
V11,0.9991361079664212
V12,0.9991361079662959
V13,0.9991361079664103
V14,0.9991361079663659
V15,0.9991361079666572
V16,0.9991361079664463
V17,0.9991361079664707
V18,0.9991361079664409
V19,0.9991361077998875
whole GM,281.2335634428783
