Tract,CALI
V1,3.609911663631702
V2,0.016100649989968963
V3,0.5491438259700956
V4,-0.5807727315393398
V5,0.2772201340040441
V6,0.9311526243398207
V7,1.2179165546265263
V8,0.20914890657672291
V9,1.0076027983126732
V10,0.4620186745662107
V11,0.23137399422628158
V12,0.7632567361002858
V13,-0.2992926696142598
V14,3.21824015286823
V15,-0.14926208801318241
V16,-0.4454724181348788
V17,0.11788275737473164
V18,-0.24135714990141677
V19,0.22350945869919991
whole GM,8.187771061905343
