Tract,CALI
V1,0.591059224157561
V2,0.5910592241575872
V3,0.591059224157521
V4,0.5910592241575978
V5,0.5910592241576271
V6,0.5910592241575621
V7,0.5910592241575519
V8,0.5910592241568351
V9,0.5910592241575341
V10,0.5910592241575225
V11,0.5910592241576256
V12,0.5910592241576156
V13,0.5910592241576746
V14,0.5910592241575727
V15,0.5910592241575745
V16,0.5910592241575527
V17,0.5910592241575787
V18,0.5910592241575661
V19,0.5910592201080576
whole GM,239.53658301761376
