Tract,CALI
V1,0.9998861732887216
V2,0.9998861732887483
V3,0.9998861732888082
V4,0.999886173288687
V5,0.9998861732887163
V6,0.9998861732887616
V7,0.9998861732888704
V8,0.999886173288649
V9,0.9998861732888709
V10,0.9998861732888962
V11,0.9998861732888051
V12,0.9998861732887414
V13,0.9998861732887847
V14,0.9998861732886968
V15,0.999886173288902
V16,0.999886173288687
V17,0.9998861732888265
V18,0.9998861732888673
V19,0.9998861732342128
whole GM,294.53721392138846
