Tract,CALI
V1,0.44011038803662483
V2,0.47960155584132935
V3,0.38443547379793785
V4,0.39732759950873375
V5,0.4829015297498871
V6,0.4632308010006436
V7,0.44158732818195934
V8,0.31519469074789885
V9,0.4551087919460519
V10,0.3608658117683714
V11,0.4874034179424782
V12,0.3935436157622012
V13,0.5489780226636629
V14,0.49920274429529
V15,0.35322154362500613
V16,0.34642251192501883
V17,0.4588341042847779
V18,0.4079757167971012
V19,0.24219939301551507
whole GM,15.80464095523372
